RECORD CONTROL NUMBER,LICENSEE NAME,ABC LICENSE #,PHYSICAL ADDRESS,CITY,STATE,ZIP,CHARGES,NUMBER OF CHARGES,REPEAT ABC OFFENSE?,REGION,DISPOSITION METHOD,VIOLATION DATE,DISPOSITION DATE,SUSPENSION (DAYS),CIVIL PENALTY ($),MANDATORY SUSP. W/ CIVIL PENALTY (DAYS),PROBATION (MONTHS),REVOKED (Y/N),DISMISSED (Y/N),OTHER
244,7 ELEVEN STORE 2554 15800 B,56109,10740 COVERSTONE DRIVE,MANASSAS,VA,20109,UNDER AGED BUYER,1,N,ALEXANDRIA,CONSENT SETTLEMENT,6/15/2009,09/17/09,," $ 2,000.00 ",,,,,
458,7 ELEVEN STORE 2554 32223 B,57622,6865 WELLINGTON ROAD,MANASSAS,VA,20109,UNDER AGED BUYER,1,N,ALEXANDRIA,CONSENT SETTLEMENT,11/13/2009,01/04/10,," $ 2,000.00 ",,,,,
672,CHIPOTLE MEXICAN GRILL,51842,7311 SUDLEY RD,MANASSAS,VA,20109,UNDER AGED BUYER,1,N,ALEXANDRIA,CONSENT SETTLEMENT,1/6/2010,03/03/10,," $ 2,000.00 ",,,,,
738,PIZZA HUT ,46011,7322 SUDLEY RD,MANASSAS,VA,20109,UNDER AGED BUYER,1,N,ALEXANDRIA,CONSENT SETTLEMENT,3/3/2010,04/05/10,25,,,,,,
792,LOGANS ROADHOUSE RESTAURANT,5911,7731 DONEGAN DR,MANASSAS,VA,20109,UNDER AGED BUYER,1,N,ALEXANDRIA,CONSENT SETTLEMENT,3/3/2010,04/27/10,," $ 2,000.00 ",,,,,
283,GODWIN BP,15738,10441 NOKESVILLE ROAD,MANASSAS,VA,20110,"UAB, DESIGNATED MANAGER NOT ON DUTY",2,N,ALEXANDRIA,CONSENT SETTLEMENT,8/24/2009,10/16/09,25,,,,,,
143,LA LAGUNA RESTAURANT,46928,7557 CENTREVILL ROAD,MANASSAS,VA,20111,UNDER AGED BUYER,1,N,ALEXANDRIA,OFFER-IN-COMPROMISE,2/7/2009,08/14/09,," $ 1,500.00 ",,,,,
255,CAFÉ MARTINI,46781,13840 FGH BRADDOCK ROAD,CENTREVILLE,VA,20121,CONSUMPTION OF A.B. BY A PERSON LESS THAN 21 YOA ,1,N,ALEXANDRIA,APPEAL HEARING,8/16/2008,10/05/09,25," $ 2,000.00 ",10,,,,
38,CHARLIE CHANGS RESTAURANT,30188,14107 ST GERMAIN DRIVE,CENTREVILLE,VA,20121,UNDER AGED BUYER,1,Y,ALEXANDRIA,INITIAL HEARING,2/7/2009,07/21/09,30," $ 3,000.00 ",10,,,,
296,MOSCOW MARKET,40065,14260P CENTREVILLE SQUARE,CENTREVILLE,VA,20121,UNDER AGED BUYER,1,N,ALEXANDRIA,CONSENT SETTLEMENT,8/24/2009,10/27/09,25,,,,,,
724,LULU CAFÉ,39546,"13830 BRADDOCK RD, STE B10",CENTREVILLE,VA,20121,UAB;DESIGNATED MANAGER; KEPT UNAUTHORIZED AB; FAIL TO KEEP RECORDS,4,Y,ALEXANDRIA,INITIAL HEARING,8/24/2009,03/29/10,30," $ 8,000.00 ",15,,,,
264,PHILOMONT GENERAL STORE,26550,36550 JEB STUART ROAD,PHILOMONT,VA,20131,UNDER AGED BUYER,1,Y,ALEXANDRIA,APPEAL HEARING,10/29/2008,10/07/09,30," $ 5,000.00 ",3,,,,
301,DULLES AIRPORT COURTYARD BY MARRIOTT,8232,3935 CENTERVIEW DRIVE,CHANTILLY,VA,20151,UNDER AGED BUYER,1,N,ALEXANDRIA,CONSENT SETTLEMENT,9/11/2009,10/27/09,," $ 2,000.00 ",,,,,
760,HERITAGE HUNT GOLF & COUNTRY CLUB,8878,6901 ARTHUR HILLS DR,GAINESVILLE,VA,20155,UNDER AGED BUYER,1,N,ALEXANDRIA,CONSENT SETTLEMENT,3/3/2010,04/07/10,," $ 2,000.00 ",,,,,
762,THE BUNGALOW ALE HOUSE,62774,7380 ATLAS WALK WAY,GAINESVILLE,VA,20155,UNDER AGED BUYER,1,N,ALEXANDRIA,CONSENT SETTLEMENT,2/25/2010,04/12/10,," $ 2,000.00 ",,,,,
873,CHIPOTLE MEXICAN GRILL,55643,5025 WELLINGTON RD,GAINESVILLE,VA,20155,UNDER AGED BUYER,1,N,ALEXANDRIA,CONSENT SETTLEMENT,4/27/2010,06/03/10,," $ 2,000.00 ",,,,,
93,SHOPPERS FOOD WAREHOUSE #36,4466,47100 COMMUNITY PLAZA,STERLING,VA,20164,UNDER AGED BUYER,1,N,ALEXANDRIA,CONSENT SETTLEMENT,6/23/2009,08/05/09,," $ 2,000.00 ",,,,,
95,7 ELEVEN STORE 2581 10656A,54124,712 W CHURCH ROAD,STERLING,VA,20164,UNDER AGED BUYER,1,N,ALEXANDRIA,CONSENT SETTLEMENT,6/23/2009,08/05/09,," $ 2,000.00 ",,,,,
127,CVS PHARMACY #1409,7074,401 STERLING PARK SHOPP MALL,STERLING,VA,20164,UNDER AGED BUYER,1,N,ALEXANDRIA,CONSENT SETTLEMENT,6/23/2009,08/11/09,," $ 2,000.00 ",,,,,
422,SHISHA,28435,"20921 DAVENPORT DRIVE, UNIT 130",STERLING,VA,20165,"CONSUMPTION OF AB BY 3 PERSONS LESS THAN 21 YOA, RETAILER PURCHASED WINE OR BEER OTHER THAN FROM WHOLESALER, FAILED TO KEEP RECORDS (GENERAL) AND MAKE AVAILABLE FOR INSPECTION, SALES OF AB TO 3 PERSONS LESS THAN 21 YOA",4,N,ALEXANDRIA,APPEAL HEARING,9/28/2008,12/21/09,25," $ 4,500.00 ",,,,Y,"CH 1, 3 $ 4-CIVIL PENALTY, CH 2-DISMISSED"
197,RITE AID PHARMACY 4265,75481,20800 GREAT FALLS PLAZA,STERLING,VA,20165,UNDER AGED BUYER,1,N,ALEXANDRIA,CONSENT SETTLEMENT,6/23/2009,09/01/09,," $ 2,000.00 ",,,,,
26,EMILIOS BRICK OVEN PIZZA ,76375,"22207 SHAW ROAD, STE A10",STERLING,VA,20166,UNDER AGED BUYER,1,N,ALEXANDRIA,CONSENT SETTLEMENT,3/20/2009,07/17/09,," $ 2,000.00 ",,,,,
334,GATEWAY EXXON,16296,45601 FALKE PLAZA,STERLING,VA,20166,UNDER AGED BUYER,1,N,ALEXANDRIA,CONSENT SETTLEMENT,9/14/2009,11/09/09,," $ 2,000.00 ",,,,,
81,POOJA SPICES,32108,298 SUNSET PARK DRIVE,HERNDON,VA,20170,UNDER AGED BUYER,1,N,ALEXANDRIA,CONSENT SETTLEMENT,6/22/2009,08/05/09,25,,,,,,
297,A DELI ITALIAN FOOD,34043,13033 WORLDGATE DRIVE,HERNDON,VA,20170,UNDER AGED BUYER,1,N,ALEXANDRIA,CONSENT SETTLEMENT,9/11/2009,10/27/09,25,,,,,,
561,BESTWAY HERNDON SUPERMARKET,19897,690 ELDEN STREET,HERNDON,VA,20170,UNDER AGED BUYER,1,N,ALEXANDRIA,CONSENT SETTLEMENT,10/15/2009,02/08/10,," $ 2,000.00 ",,,,,
577,K MART 3340,43822,494 ELDEN STREET,HERNDON,VA,20170,UNDER AGED BUYER,1,N,ALEXANDRIA,OFFER-IN-COMPROMISE,10/15/2009,02/03/10,," $ 1,500.00 ",,,,,
579,SAFEWAY FOOD AND DRUG STORE 1689,35870,413 ELDREN STREET,HERNDON,VA,20170,UNDER AGED BUYER,1,Y,ALEXANDRIA,OFFER-IN-COMPROMISE,9/11/2009,02/04/10,," $ 5,000.00 ",,,,,
653,EURO BISTRO,6727,314 ELDEN STREET,HERNDON,VA,20170,UNDER AGED BUYER,1,N,ALEXANDRIA,OFFER-IN-COMPROMISE,10/15/2009,03/01/10,0," $ 1,500.00 ",,,,,
273,GLORY DAYS GRILL,10944,2567 JOHN MILTON DRIVE,HERNDON,VA,20171,UNDER AGED BUYER,1,N,ALEXANDRIA,CONSENT SETTLEMENT,8/7/2009,10/16/09,," $ 2,000.00 ",,,,,
484,SHOPPERS FOOD WAREHOUSE #39,4460,2425 CENTREVILLE ROAD,HERNDON,VA,20171,UNDER AGED BUYER,1,Y,ALEXANDRIA,INITIAL HEARING,6/22/2009,01/13/10,30," $ 3,000.00 ",,,,,
139,PORT ROYAL SUPERMARKET EXPRESS,52634,22547 TIDEWATER TRAIL,PORT ROYAL,VA,20175,UNDER AGED BUYER,1,N,RICHMOND,INITIAL HEARING,12/11/2008,08/14/09,25," $ 2,000.00 ",,,,,
228,THE GREEN TREE,15,15 S KING STREET,LEESBURG,VA,20175,UNDER AGED BUYER,1,N,ALEXANDRIA,INITIAL HEARING,2/20/2009,09/09/09,25," $ 2,000.00 ",,,,,
303,THAI PAN REST AND LEESBURG LIBERTY,56512,2 HARRISON STREET SE,LEESBURG,VA,20175,UNDER AGED BUYER,1,N,ALEXANDRIA,CONSENT SETTLEMENT,8/14/2009,10/27/09,," $ 2,000.00 ",,,,,
444,DISCOUNT MART,6357,224C S KING STREET ,LEESBURG,VA,20175,"UAB, DESIGNATED MANAGER NOT ON DUTY",2,N,ALEXANDRIA,CONSENT SETTLEMENT,8/14/2009,01/04/10,," $ 2,500.00 ",,,,,
260,LA VILLA ROMA,48132,"305 E MARKET STREET, STE F",LEESBURG,VA,20176,UNDER AGED BUYER,1,N,ALEXANDRIA,INITIAL HEARING,3/20/2009,10/07/09,25," $ 2,000.00 ",,,,,
406,RJs DELI,46889,7071 E MARKET STREET,LEESBURG,VA,20176,UNDER AGED BUYER,1,Y,ALEXANDRIA,OFFER-IN-COMPROMISE,8/14/2009,12/15/09,30,,,,,,
594,SHEETZ #267,6378,"915 EDWARDS FERRY ROAD, NE",LEESBURG,VA,20176,UNDER AGED BUYER,1,Y,ALEXANDRIA,OFFER-IN-COMPROMISE,8/14/2009,02/11/10,21," $ 4,000.00 ",,,,,
779,MARIACHI RESTAURANT,46763,19405 PROMENADE DR STE 106,LEESBURG,VA,20176,UNDER AGED BUYER,1,N,ALEXANDRIA,CONSENT SETTLEMENT,2/23/2010,04/16/10,,"$2,000.00 ",,,,,
837,BY LO MARKET,49547,"62 PLAZA ST. NE, STE C",LEESBURG,VA,20176,UNDER AGED BUYER,1,N,ALEXANDRIA,OFFER-IN-COMPROMISE,2/22/2010,04/30/10,0," $ 1,500.00 ",,,,,
466,HUNTERS HEAD,10099,9048 JOHN S MOSBY HWY,UPPERVILLE,VA,20184,UNDER AGED BUYER,1,N,STAUNTON,CONSENT SETTLEMENT,10/13/2009,01/04/10,," $ 2,000.00 ",,,,,
864,EL AGAVE AUTHENTIC MEXICAN RESTAURANT,12519,"251 W LEE HWY, STE 640",WARRENTON,VA,20186,UNDER AGED BUYER,1,Y,STAUNTON,INITIAL HEARING,12/4/2009,05/21/10,25," $ 2,000.00 ",,,,,
630,HYATT REGENCY RESTON HOTEL,6562,1800 PRESIDENTS STREET,RESTON,VA,20190,UNDER AGED BUYER,1,N,ALEXANDRIA,CONSENT SETTLEMENT,12/30/2009,02/24/10,," $ 2,000.00 ",,,,,
629,ARIAKE,34710,12184 GLADE DRIVE,RESTON,VA,20191,UNDER AGED BUYER,1,N,CHESAPEAKE,CONSENT SETTLEMENT,12/30/2009,02/24/10,," $ 2,000.00 ",,,,,
848,SEOUL GOOL DAE GEE,53633,7220C COLUMBIA PIKE,ANNANDALE,VA,22003,"ALLOWED CONSUMPTION OF AB BY UAB, FAILED TO OBLITERATE MD STAMPS",2,N,ALEXANDRIA,CONSENT SETTLEMENT,2/13/2010,05/17/10,," $ 2,500.00 ",,,,,
627,SZECHUAN STAR,8020,6960H BRADDOCK ROAD,ANNANDALE,VA,22003,UNDER AGED BUYER,1,N,ALEXANDRIA,CONSENT SETTLEMENT,1/19/2010,02/24/10,25,,,,,,
191,NISSAN PAVILION,71606,7800 CELLAR DOOR DRIVE,BRISTOW,VA,22013,UNDER AGED BUYER 2 COUNTS,2,N,ALEXANDRIA,INITIAL HEARING,8/9/2008,08/31/09,25," $ 5,000.00 ",,,,,
736,CHIPOTLE MEXICAN GRILL OF COLORADO LLC,51837,5747 BURKE CENTRE PKWY,BURKE,VA,22015,UNDER AGED BUYER,1,N,ALEXANDRIA,CONSENT SETTLEMENT,2/25/2010,04/05/10,," $ 2,000.00 ",,,,,
365,RUBY TUESDAY,41915,17050 JEFFERSON DAVIS HWY,DUMFRIES,VA,22026,UNDER AGED BUYER,1,N,ALEXANDRIA,CONSENT SETTLEMENT,9/25/2009,11/24/09,," $ 2,000.00 ",,,,,
789,QUICK SHOP,52592,18020 MAIN ST,DUMFRIES,VA,22026,UNDER AGED BUYER,1,N,ALEXANDRIA,CONSENT SETTLEMENT,3/29/2010,04/23/10,,"$2,000.00 ",,,,,
548,CEE FINE THAI DINING,43730,9901 FAIRFAX BLVD,FAIRFAX,VA,22030,UNDER AGED BUYER,1,N,ALEXANDRIA,CONSENT SETTLEMENT,11/14/2009,02/04/10, ," $ 2,000.00 ",,,,,
717,BEST OF THAI RESTAURANT,35910,4004 UNIVERSITY DRIVE,FAIRFAX,VA,22030,UNDER AGED BUYER,1,N,ALEXANDRIA,OFFER-IN-COMPROMISE,2/22/2010,03/26/10,0, $ 500.00 ,15,,,,
823,CVS PHARMACY #1957,62933,10090 FAIRFAX BLVD,FAIRFAX,VA,22030,UNDER AGED BUYER,1,N,ALEXANDRIA,CONSENT SETTLEMENT,3/22/2010,05/05/10,," $ 2,000.00 ",,,,,
846,AMERICANA GROCERY,42276,10897 MAIN ST,FAIRFAX,VA,22030,"UAB, FAILED TO KEEP MANAGER'S NAME POSTED",2,N,ALEXANDRIA,CONSENT SETTLEMENT,3/22/2010,05/13/10,," $ 2,500.00 ",,,,,
269,JOHNS PLACE RESTAURANT & LOUNGE,25227,11104 LEE HWY,FAIRFAX  ,VA,22030,"UAB, PERMITTED BARTENDER UNDER 21 TO MIX A.B., CONSUMPTION OF A.B. BY A PERSON LESS THAN 21 YOA",3,N,ALEXANDRIA,OFFER-IN-COMPROMISE,5/19/2009,10/07/09,," $ 4,500.00 ",,,,,
231,CVS PHARMACY #2100,6630,9009 SILVERBROOK ROAD,FAIRFAX STATION,VA,22039,UNDER AGED BUYER,1,Y,ALEXANDRIA,INITIAL HEARING,3/7/2009,09/09/09,30," $ 3,000.00 ",10,,,,
147,HANAHREUM INTERNATIONAL SUPERMARKET,77501,8103 LEE HWY,FALLS CHURCH,VA,22042,UNDER AGED BUYER,1,N,ALEXANDRIA,CONSENT SETTLEMENT,7/6/2009,08/20/09,," $ 2,000.00 ",,,,,
459,GREAT WALL SUPERMARKET,39597,2982 GALLOWS ROAD,FALLS CHURCH,VA,22042,UNDER AGED BUYER,1,N,ALEXANDRIA,CONSENT SETTLEMENT,10/26/2009,01/04/10,," $ 2,000.00 ",,,,,
57,DOGWOOD TAVERN,51467,132 W BROAD STREET,FALLS CHURCH,VA,22046,UNDER AGED BUYER,1,N,ALEXANDRIA,CONSENT SETTLEMENT,5/30/2009,07/29/09,," $ 2,000.00 ",,,,,
358,VINNYS ITALIAN GRILL & PIZZERIA,45410,7730 GUNSTON PLAZA,LORTON,VA,22079,UNDER AGED BUYER,1,N,ALEXANDRIA,CONSENT SETTLEMENT,9/23/2009,11/24/09,," $ 2,000.00 ",,,,,
272,GIANT FOOD STORE #758,7819,1454 CHAIN BRIDGE ROAD,MCLEAN,VA,22101,UNDER AGED BUYER,1,N,ALEXANDRIA,CONSENT SETTLEMENT,8/13/2009,10/16/09,," $ 2,000.00 ",,,,,
311,NM CAFÉ,50105,2255 INTERNATIONAL DRIVE,MCLEAN,VA,22102,UNDER AGED BUYER,1,N,ALEXANDRIA,OFFER-IN-COMPROMISE,8/7/2009,11/03/09,," $ 1,500.00 ",,,,,
275,7 ELEVEN STORE 2581 16282 B,54039,2973 CHAIN BRIDGE ROAD,OAKTON,VA,22124,UNDER AGED BUYER,1,N,ALEXANDRIA,CONSENT SETTLEMENT,8/13/2009,10/16/09,," $ 2,000.00 ",,,,,
658,OCCOQUAN INN,3163,301 MILL STREET,OCCOQUAN,VA,22125,UNDER AGED BUYER,1,N,ALEXANDRIA,INITIAL HEARING,7/28/2009,03/02/10,25," $ 2,000.00 ",,,,,
817,A&M MARKET,49586,251 POTOMAC AVE,QUANTICO,VA,22134,UNDER AGED BUYER,1,N,ALEXANDRIA,INITIAL HEARING,11/13/2009,05/10/10,25," $ 2,000.00 ",,,,,
513,MIKES AMERICAN GRILL,58202,6210 BACKLICK ROAD,SPRINGFIELD,VA,22150,UNDER AGED BUYER,1,N,ALEXANDRIA,APPEAL HEARING,1/23/2009,01/20/10,25," $ 2,000.00 ",,,,,
794,EL PASO MEXICAN RESTAURANT,77619,6804 COMMERCE ST,SPRINGFIELD,VA,22150,UNDER AGED BUYER,1,N,ALEXANDRIA,CONSENT SETTLEMENT,3/27/2010,04/27/10,," $ 2,000.00 ",,,,,
361,EXPRESS II,5543,6965 HECHINGER DRIVE,SPRINGFIELD,VA,22151,UNDER AGED BUYER,1,N,ALEXANDRIA,CONSENT SETTLEMENT,9/27/2009,11/24/09,," $ 2,000.00 ",,,,,
801,NATIONAL MUSEUM OF THE MARINE CORPS,44452,18900 JEFFERSON DAVIS HWY,TRIANGLE,VA,22172,UNDER AGED BUYER,1,N,ALEXANDRIA,CONSENT SETTLEMENT,3/29/2010,05/03/10,," $ 2,000.00 ",,,,,
314,JOHNNYS PIZZA RESTAURANT,45413,141 PARK STREET SE,VIENNA,VA,22180,UNDER AGED BUYER,1,N,ALEXANDRIA,INITIAL HEARING,3/23/2009,11/03/09,25," $ 2,000.00 ",,,,,
279,SAKURA JAPANESE STEAK AND SEAFOOD HOUSE,47485,"8369 LEESBURG PIKE, STE 10",VIENNA,VA,22182,UNDER AGED BUYER,1,N,ALEXANDRIA,CONSENT SETTLEMENT,8/13/2009,10/16/09,," $ 2,000.00 ",,,,,
691,LATINO POLLO A LA BRAZZA,15121,14446 JEFFERSON DAVIS HWY,WOODBRIDGE,VA,22191,UNDER AGED BUYER,1,N,ALEXANDRIA,CONSENT SETTLEMENT,2/1/2010,03/12/10,25,,,,,,
740,LA LUNA,5962,14520 JEFFERSON DAVIS HWY,WOODBRIDGE,VA,22191,UNDER AGED BUYER,1,N,ALEXANDRIA,CONSENT SETTLEMENT,2/1/2010,04/05/10,," $ 2,000.00 ",,,,,
743,SUPER Q MART,54891,16593 RIVER RIDGE BLVD,WOODBRIDGE,VA,22191,UNDER AGED BUYER,1,N,ALEXANDRIA,CONSENT SETTLEMENT,2/1/2010,04/05/10,," $ 2,000.00 ",,,,,
891,EL PULGARCITO GRILL,34694,1306 HORNER RD,WOODBRIDGE,VA,22191,UNDER AGED BUYER,1,N,ALEXANDRIA,INITIAL HEARING,2/1/2010,06/10/10,25," $ 2,000.00 ",,,,,
277,PARKWAY EXXON,14130,13000 WORTH AVENUE,WOODBRIDGE,VA,22192,UNDER AGED BUYER,1,N,ALEXANDRIA,CONSENT SETTLEMENT,9/9/2009,10/16/09,," $ 2,000.00 ",,,,,
302,OLD BRIDGE CONVENIENCE MART,61350,3220 OLD BRIDGE ROAD,WOODBRIDGE,VA,22192,UNDER AGED BUYER,1,N,ALEXANDRIA,CONSENT SETTLEMENT,9/9/2009,10/27/09,," $ 2,000.00 ",,,,,
304,HP FRIENDLY FOOD MART,38952,1420 OLD BRIDGE ROAD,WOODBRIDGE,VA,22192,UNDER AGED BUYER,1,N,ALEXANDRIA,CONSENT SETTLEMENT,9/9/2009,10/27/09,," $ 2,000.00 ",,,,,
337,7 ELEVEN STORE 2554 10776 B,55077,12520 GORDON BLVD,WOODBRIDGE,VA,22192,UNDER AGED BUYER,1,N,ALEXANDRIA,CONSENT SETTLEMENT,9/9/2009,11/09/09,," $ 2,000.00 ",,,,,
360,GLOBAL FOOD,27819,13813 FOUGLER SQUARE,WOODBRIDGE,VA,22192,UNDER AGED BUYER,1,N,ALEXANDRIA,CONSENT SETTLEMENT,9/9/2009,11/24/09,," $ 2,000.00 ",,,,,
773,TARGET STORE T 0759,45157,2460 PRINCE WILLIAM PKWY,WOODBRIDGE,VA,22192,UNDER AGED BUYER,1,N,ALEXANDRIA,CONSENT SETTLEMENT,2/25/2010,04/14/10,," $ 2,000.00 ",,,,,
462,BJs WHOLESALE CLUB 41,77802,14123 NOBLEWOOD PLAZA ,WOODBRIDGE,VA,22193,UNDER AGED BUYER,1,N,ALEXANDRIA,CONSENT SETTLEMENT,7/23/2009,01/04/10,," $ 2,000.00 ",,,,,
448,SILVER DINER,75469,3200 WILSON BLVD,ARLINGTON,VA,22201,UNDER AGED BUYER,1,N,ALEXANDRIA,CONSENT SETTLEMENT,10/27/2009,01/04/10,," $ 2,000.00 ",,,,,
763,CVS PHARMACY #1407,3669,3133 LEE HWY,ARLINGTON,VA,22201,UNDER AGED BUYER,1,N,ALEXANDRIA,CONSENT SETTLEMENT,3/1/2010,04/12/10,," $ 2,000.00 ",,,,,
853,TANNAS MARKET & CAR WASH,54399,1824 WILSON BLVD,ARLINGTON,VA,22201,UNDER AGED BUYER,1,N,ALEXANDRIA,CONSENT SETTLEMENT,5/3/2010,05/21/10,," $ 2,000.00 ",,,,,
163,CVS PHARMACY #2491,8893,2400 JEFFERSON DAVIS HWY,ARLINGTON,VA,22202,UNDER AGED BUYER,1,N,ALEXANDRIA,CONSENT SETTLEMENT,7/23/2009,08/24/09,," $ 2,000.00 ",,,,,
250,7 ELEVEN STORE 2554 20117 H,25612,1500 S FERN STREET,ARLINGTON,VA,22202,UNDER AGED BUYER,1,N,ALEXANDRIA,CONSENT SETTLEMENT,7/23/2009,09/17/09,," $ 2,000.00 ",,,,,
564,VAPIANO,45674,4401 WILSON BLVD,ARLINGTON,VA,22203,UNDER AGED BUYER,1,N,ALEXANDRIA,CONSENT SETTLEMENT,1/11/2010,02/08/10,," $ 2,000.00 ",,,,,
631,CVS PHARMACY # 1884,58937,256 N GLEBE ROAD,ARLINGTON,VA,22203,UNDER AGED BUYER,1,N,ALEXANDRIA,CONSENT SETTLEMENT,1/11/2010,02/24/10,," $ 2,000.00 ",,,,,
200,7 ELEVEN STORE 2554 23242 B,56132,3003 COLUMBIA PIKE,ARLINGTON,VA,22204,UNDER AGED BUYER,1,N,ALEXANDRIA,CONSENT SETTLEMENT,7/23/2009,09/01/09,," $ 2,000.00 ",,,,,
625,ARROWINE,50497,4508 LEE HWY,ARLINGTON,VA,22207,UNDER AGED BUYER,1,N,ALEXANDRIA,CONSENT SETTLEMENT,1/11/2010,02/24/10,," $ 2,000.00 ",,,,,
154,CHIPOTLE MEXICAN GRILL,51848,"1735 N LYNN STREET, LBBY 15",ARLINGTON,VA,22209,UNDER AGED BUYER,1,N,ALEXANDRIA,CONSENT SETTLEMENT,6/22/2009,08/20/09,," $ 2,000.00 ",,,,,
567,CVS PHARMACY #1408,2172,4606 KENMORE AVENUE,ALEXANDRIA,VA,22304,UNDER AGED BUYER,1,N,ALEXANDRIA,CONSENT SETTLEMENT,12/23/2009,02/08/10,," $ 2,000.00 ",,,,,
396,EL RINCON CATRACHO CHICKEN,46654,2911 ARLINGTON DRIVE,ALEXANDRIA,VA,22306,"UAB, DESIGNATED MANAGER NOT ON DUTY",2,N,ALEXANDRIA,OFFER-IN-COMPROMISE,6/25/2009,12/08/09,," $ 2,500.00 ",,,,,
208,CUCO LINDO RESTAURANT,39088,8428 RICHMOND HWY,ALEXANDRIA,VA,22309,"UAB, DESIGNATED MANAGER NOT ON DUTY",2,N,ALEXANDRIA,CONSENT SETTLEMENT,6/25/2009,09/01/09,," $ 2,500.00 ",,,,,
354,MI RICO PERU,43718,6113 FRANCONIA ROAD,ALEXANDRIA,VA,22310,UNDER AGED BUYER,1,N,ALEXANDRIA,CONSENT SETTLEMENT,9/27/2009,11/24/09,25,,,,,,
113,BOWL AMERICA SHIRLEY INC,58107,6450 EDSALL ROAD,ALEXANDRIA,VA,22312,UNDER AGED BUYER,1,N,ALEXANDRIA,CONSENT SETTLEMENT,5/22/2009,08/05/09,," $ 2,000.00 ",,,,,
447,7 ELEVEN STORE 2554 25143 B,52291,6464 LINCOLNIA ROAD,ALEXANDRIA,VA,22312,UNDER AGED BUYER,1,N,ALEXANDRIA,CONSENT SETTLEMENT,10/26/2009,01/04/10,," $ 2,000.00 ",,,,,
628,CVS PHARMACY # 2149,38138,326 KING STREET,ALEXANDRIA,VA,22314,UNDER AGED BUYER,1,N,ALEXANDRIA,CONSENT SETTLEMENT,12/29/2010,02/24/10,," $ 2,000.00 ",,,,,
153,7 ELEVEN STORE 2581 10775B,54434,7214 BEULAH STREET,ALEXANDRIA,VA,22315,UNDER AGED BUYER,1,N,ALEXANDRIA,CONSENT SETTLEMENT,5/30/2009,08/20/09,," $ 2,000.00 ",,,,,
55,BAILEYS PUB & GRILLE,38737,1861 CARL D SILVER PKWY,FREDERICKSBURG,VA,22401,UNDER AGED BUYER,1,N,RICHMOND,OFFER-IN-COMPROMISE,5/21/2009,07/28/09,," $ 1,500.00 ",,,,,
87,RISTORANTE PENATO,41093,422 WILLIAM STREET,FREDERICKSBURG,VA,22401,UNDER AGED BUYER,1,N,RICHMOND,CONSENT SETTLEMENT,5/21/2009,08/05/09,," $ 2,000.00 ",,,,,
370,CVS PHARMACY #1569,17552,450 CHATHAM HEIGHTS ROAD,FREDERICKSBURG,VA,22405,UNDER AGED BUYER,1,N,RICHMOND,CONSENT SETTLEMENT,9/29/2009,11/24/09,," $ 2,000.00 ",,,,,
544,TEXACO I7,51501,372 WARRENTON ROAD,FREDERICKSBURG,VA,22405,UNDER AGED BUYER,1,N,RICHMOND,CONSENT SETTLEMENT,11/11/2009,02/04/10,25,,,,,,
925,STAFFORD CHEVRON,40341,1280 JEFFERSON DAVIS HWY,FREDERICKSBURG,VA,22405,UNDER AGED BUYER,1,N,RICHMOND,OFFER-IN-COMPROMISE,4/5/2010,06/24/10,," $ 1,500.00 ",,,,,
844,PANCHO VILLA MEXICAN RESTAURANT,43560,"754 WARRENTON RD, STE 103",FREDERICKSBURG,VA,22406,UNDER AGED BUYER,1,N,RICHMOND,CONSENT SETTLEMENT,4/5/2010,05/13/10,," $ 2,000.00 ",,,,,
605,Q BALL CAFÉ,47764,960 BRAGG ROAD,FREDERICKSBURG,VA,22407,UNDER AGED BUYER,1,N,RICHMOND,CONSENT SETTLEMENT,11/9/2009,02/18/10,," $ 2,000.00 ",,,,,
825,CHIPOTLE MEXICAN GRILL,50924,5420 SOUTHPOINT PLAZA WAY,FREDERICKSBURG,VA,22407,UNDER AGED BUYER,1,N,RICHMOND,CONSENT SETTLEMENT,4/5/2010,05/05/10,," $ 2,000.00 ",,,,,
852,OZEKI JAPANESE STEAK AND SEAFOOD HOUSE,46308,10119 SOUTHPOINT PKWY,FREDERICKSBURG,VA,22407,UNDER AGED BUYER,1,N,RICHMOND,CONSENT SETTLEMENT,4/7/2010,05/20/10,," $ 2,000.00 ",,,,,
30,DYNASTY BUFFET,28086,10911 COURTHOUSE ROAD,FREDERICKSBURG,VA,22408,UNDER AGED BUYER,1,N,RICHMOND,CONSENT SETTLEMENT,5/11/2009,07/17/09,25,   ,,,,,
919,FIESTA SEVEN SUPERMARKET,54654,104 OLD GREENWICH DR,FREDERICKSBURG,VA,22408,UNDER AGED BUYER,1,N,RICHMOND,CONSENT SETTLEMENT,4/14/2010,06/21/10,," $ 2,000.00 ",,,,,
689,FOOD LION,9809,15432 ROGERS CLARK BLVD,BOWLING GREEN,VA,22427,UNDER AGED BUYER,1,N,RICHMOND,CONSENT SETTLEMENT,1/29/2010,03/15/10,," $ 2,000.00 ",,,,,
286,CLARKE'S STORE,34464,3057 CLARKES STORE ROAD,SUPPLY,VA,22436,UNDER AGED BUYER,1,N,RICHMOND,CONSENT SETTLEMENT,8/18/2009,10/16/09,25,,,,,,
856,CENTER CROSS TEXACO,43593,31862 TIDEWATER TRL,CENTER CROSS,VA,22437,UNDER AGED BUYER,1,Y,RICHMOND,INITIAL HEARING,1/29/2010,05/21/10,30," $ 3,000.00 ",10,,,,
220,FAT FREDAS,47726,119 HAWTHORN STREET,COLONIAL HEIGHTS,VA,22443,UNDER AGED BUYER,1,N,RICHMOND,OFFER-IN-COMPROMISE,4/20/2009,09/04/09,," $ 1,500.00 ",,,,,PLUS MORE INTENSE TRAINIG TO ALL EMPLOYEES SERVING ALOCOHOL
37,MOM & POPS,6626,3531 IRVINGTON ROAD,IRVINGTON,VA,22480,UNDER AGED BUYER,1,Y,RICHMOND,OFFER-IN-COMPROMISE,4/22/2008,07/21/09,," $ 5,000.00 ",3,,,,
476,LEES RESTAURANT,42713,30 N MAIN STREET ,KILMARNOCK,VA,22482,UNDER AGED BUYER,1,N,RICHMOND,CONSENT SETTLEMENT,10/30/2009,01/04/10,25,,,,,,
327,THE SHORE STORE,27300,5435 PAVILION DRIVE,KING GEORGE,VA,22485,UNDER AGED BUYER,1,N,RICHMOND,INITIAL HEARING,4/7/2009,11/05/09,25," $ 2,000.00 ",,,,,
346,ROMA PIZZA,42628,5293 PALIVODA DRIVE,KING GEORGE,VA,22485,UNDER AGED BUYER,1,N,RICHMOND,INITIAL HEARING,4/7/2009,11/13/09,,,,,,Y,DISMISSED
298,ROBINSONS TAVERN,43424,32345 CONSTITUTION HWY,LOCUST GROVE,VA,22508,UNDER AGED BUYER,1,N,STAUNTON,CONSENT SETTLEMENT,8/20/2009,10/27/09,," $ 2,000.00 ",,,,,
885,LITTLE RIVER MARKET AND DELI,27587,16335 NORTHUMBERLAND HWY,REEDVILLE,VA,22539,UNDER AGED BUYER,1,N,RICHMOND,OFFER-IN-COMPROMISE,4/9/2010,06/08/10,0, $ 500.00 ,7,,,,
7,CHINA WOK CHINESE RESTAURANT,11464,"364 GARRISONVILLE ROAD, STE 115",STAFFORD,VA,22554,UNDER AGED BUYER,1,N,RICHMOND,CONSENT SETTLEMENT,3/19/2009,07/06/09,," $ 2,000.00 ",,,,,
276,7 ELEVEN STORE 2531 16355 A,38254,3623 JEFFERSON DAVIS HWY,STAFFORD,VA,22554,UNDER AGED BUYER,1,N,RICHMOND,CONSENT SETTLEMENT,8/8/2009,10/16/09,," $ 2,000.00 ",,,,,
604,7 ELEVEN 21272 B ,62223,882 GARRISONVILLE ROAD,STAFFORD,VA,22554,UAB AND FAILED TO HAVE DESIGNATED MANAGER,2,N,RICHMOND,CONSENT SETTLEMENT,11/11/2009,02/18/10,," $ 2,500.00 ",,,,,
417,SUNNYSIDE GROCERY,37470,136 SUNNYSIDE ROAD,TAPPAHANNOCK,VA,22560,UNDER AGED BUYER 2 COUNTS,2,Y,RICHMOND,INITIAL HEARING,5/15/2009,12/21/09,,,,,,Y,"CH 1, 3 & 4-CIVIL PENALTY, CH 2-DISMISSED"
828,E & C ENTERPRISES INC VA648,62478,4364 RICHMOND RD,WARSAW,VA,22572,UNDER AGED BUYER,1,N,RICHMOND,CONSENT SETTLEMENT,4/9/2010,05/05/10,,"$2,000.00",,,,,
216,LANCASTER LANDING,33741,327 OLD FERRY ROAD,WHITE STONE,VA,22578,UNDER AGED BUYER,1,Y,RICHMOND,INITIAL HEARING,4/24/2009,09/04/09,25," $ 2,500.00 ",7,,,,
116,HANDY MART #4,11965,601 BERRYVILLE AVENUE,WINCHESTER,VA,22601,UNDER AGED BUYER,1,N,STAUNTON,CONSENT SETTLEMENT,6/5/2009,08/05/09,," $ 2,000.00 ",,,,,
137,MILANOS RISTORANTE AND BAR,42636,107 W BOSCAWEN STREET,WINCHESTER,VA,22601,UNDER AGED BUYER,1,Y,STAUNTON,INITIAL HEARING,2/9/2009,08/14/09,30," $ 3,000.00 ",10,,,,
140,HANDY MART #1,11962,2150 S LOUDOUN STREET,WINCHESTER,VA,22601,UNDER AGED BUYER,1,Y,STAUNTON,INITIAL HEARING,2/9/2009,08/14/09,30," $ 3,000.00 ",10,,,,
407,SHEETZ CONVENIENCE STORE ,71282,601 MILLWOOD AVENUE,WINCHESTER,VA,22601,UNDER AGED BUYER,1,Y,STAUNTON,OFFER-IN-COMPROMISE,8/5/2009,12/15/09,21," $ 4,000.00 ",3,,,,
766,7 ELEVEN STORE 2531 10640 H,6730,705 N LOUDON ST,WINCHESTER,VA,22601,UNDER AGED BUYER,1,N,STAUNTON,CONSENT SETTLEMENT,3/2/2010,04/12/10,," $ 2,000.00 ",,,,,
597,MIMOSA ASIAN FUSHION RESTAURANT,52332,202 GROCERY AVENUE,WINCHESTER,VA,22602,UNDER AGED BUYER,1,N,STAUNTON,CONSENT SETTLEMENT,12/10/2009,02/16/10,," $ 2,000.00 ",,,,,
573,7 ELEVEN STORE 32356A,54494,2035 NORTHWESTERN PIKE,WINCHESTER,VA,22603,UNDER AGED BUYER,1,N,STAUNTON,CONSENT SETTLEMENT,12/10/2009,02/11/10,," $ 2,000.00 ",,,,,
167,340 QUICK MART,40738,304 N BUCKMARSH STREET,BERRYVILLE,VA,22611,UNDER AGED BUYER,1,N,STAUNTON,CONSENT SETTLEMENT,6/25/2009,08/24/09,," $ 2,000.00 ",,,,,
651,FOCACCIA ITALIAN GRILL,51549,15 CROW STREET,BERRYVILLE,VA,22611,"UAB, FAILUE TO HAVE DESIGNATED MANAGER ON DUTY",2,N,STAUNTON,OFFER-IN-COMPROMISE,6/25/2009,03/01/10,15,   ,,,,,
289,JIM'S COUNTRY STORE,20513,26 SHENANDOAH RIVER LANE,BOYCE,VA,22620,UNDER AGED BUYER,1,Y,STAUNTON,OFFER-IN-COMPROMISE,6/25/2009,10/23/09,15,,,,,,
246,SETTLES GROCERY & GARAGE,52957,"HWY 522, P.O. BOX 39",FLINT HILL,VA,22627,UNDER AGED BUYER,1,N,STAUNTON,CONSENT SETTLEMENT,7/31/2009,09/17/09,," $ 2,000.00 ",,,,,
201,7 ELEVEN STORE 2531 28588 A,56454,841 JOHN MARSHALL HWY,FRONT ROYAL,VA,22630,UNDER AGED BUYER,1,N,STAUNTON,CONSENT SETTLEMENT,7/31/2009,09/01/09,," $ 2,000.00 ",,,,,
245,WILCO #708,55277,1710 N SHENANDOAH AVENUE,FRONT ROYAL,VA,22630,UNDER AGED BUYER,1,N,STAUNTON,CONSENT SETTLEMENT,7/31/2009,09/17/09,," $ 2,000.00 ",,,,,
841,DEANS STEAKHOUSE,5226,708 S ROYAL AVE,FRONT ROYAL,VA,22630,UNDER AGED BUYER,1,N,STAUNTON,INITIAL HEARING,11/12/2009,05/11/10,25," $ 2,000.00 ",,,,,
843,SHENANDOAH FARMS GROCERY,43614,3 BLUE MOUNTAIN RD,FRONT ROYAL,VA,22630,UNDER AGED BUYER,1,N,STAUNTON,INITIAL HEARING,11/12/2009,05/11/10,20," $ 1,750.00 ",,,,,
636,MIDDLETOWN LIBERTY,47269,90 RELIANCE ROAD,MIDDLETOWN,VA,22645,UNDER AGED BUYER,1,N,STAUNTON,CONSENT SETTLEMENT,12/10/2009,02/24/10,," $ 2,000.00 ",,,,,
107,THE CORNERS BAR & GRILL,45615,1429 S PIFER ROAD,STAR TANNERY,VA,22654,UNDER AGED BUYER,1,N,STAUNTON,CONSENT SETTLEMENT,6/5/2009,08/05/09,," $ 2,000.00 ",,,,,
420,HANDY MART #19,46726,760 WARRIOR DRIVE,STEPHENS CITY,VA,22655,UNDER AGED BUYER,1,N,STAUNTON,INITIAL HEARING,3/31/2009,12/21/09,25," $ 2,000.00 ",,,,,
96,FOXS PIZZA DEN,49027,289 N MASSANUTTEN STREET,STRASBURG,VA,22657,UNDER AGED BUYER,1,N,STAUNTON,CONSENT SETTLEMENT,6/5/2009,08/02/09,," $ 2,000.00 ",,,,,
199,MILANOS ENTERPRISES LLC,57176,131 149 N MASSANUTTEN STREET,STRASBURG,VA,22657,UNDER AGED BUYER,1,N,STAUNTON,CONSENT SETTLEMENT,6/5/2009,09/01/09,," $ 2,000.00 ",,,,,
920,WEST END STORE,41024,2936 JOHN MARSHALL HWY,STRASBURG,VA,22657,UNDER AGED BUYER,1,N,STAUNTON,CONSENT SETTLEMENT,5/6/2010,06/16/10,," $ 2,000.00 ",,,,,
926,HOTEL STRASBURG,63882,213 S. HOLLIDAY STREET,STRASBURG,VA,22657,UNDER AGED BUYER,1,N,STAUNTON,OFFER-IN-COMPROMISE,5/6/2010,06/24/10,," $ 1,500.00 ",,,,,
106,HANDY MART #2,11963,3217 S MAIN STREET,TOMS BROOK,VA,22660,UNDER AGED BUYER,1,N,STAUNTON,CONSENT SETTLEMENT,5/29/2009,08/05/09,," $ 2,000.00 ",,,,,
788,7 ELEVEN STORE 2531 10661 h,9348,883 N MAIN ST,CULPEPER,VA,22701,UNDER AGED BUYER,1,N,STAUNTON,CONSENT SETTLEMENT,3/12/2010,04/23/10,,"$2,000.00 ",,,,,
783,THE BAVARIAN CHEF,24797,5102 S SEMINOLE TR,MADISON,VA,22727,UNDER AGED BUYER,1,N,STAUNTON,INITIAL HEARING,10/2/2009,04/23/10,15," $ 1,500.00 ",,,,,
247,211 QUICKE MART,71110,12663 LEE HWY,WASHINGTON,VA,22747,UNDER AGED BUYER,1,N,STAUNTON,CONSENT SETTLEMENT,7/31/2009,09/17/09,," $ 2,000.00 ",,,,,
43,FOOD MART ,43210,953 S HIGH STREET,HARRISONBURG,VA,22801,UNDER AGED BUYER,1,N,STAUNTON,INITIAL HEARING,12/4/2008,07/21/09,20," $ 1,750.00 ",,,,,
278,CAFÉ JAKO,41843,"182 NEFF AVENUE, STE W10",HARRISONBURG,VA,22801,UNDER AGED BUYER,1,N,STAUNTON,CONSENT SETTLEMENT,9/4/2009,10/16/09,," $ 2,000.00 ",,,,,
300,MIDTOWNE MARKET,46423,20 W WATER STREET,HARRISONBURG,VA,22801,UNDER AGED BUYER,1,N,STAUNTON,CONSENT SETTLEMENT,9/4/2009,10/27/09,," $ 2,000.00 ",,,,,
735,LASAGNA HOUSE LLC,56403,415 N MAIN ST,BRIDGEWATER,VA,22812,UAB; ALLOWED INTOXICATED PERSON TO LOITER,2,N,STAUNTON,CONSENT SETTLEMENT,12/22/2009,04/05/10,," $ 2,500.00 ",,,,,
102,LARKINS STORE,7219,19004 SENEDO ROAD,EDINBURG,VA,22824,UNDER AGED BUYER,1,N,STAUNTON,CONSENT SETTLEMENT,5/29/2009,08/05/09,," $ 2,000.00 ",,,,,
355,VALLEY'S 37,25962,102 BLUE AND GOLD DRIVE,ELKTON,VA,22827,UNDER AGED BUYER,1,N,STAUNTON,CONSENT SETTLEMENT,10/2/2009,11/24/09,25,,,,,,
239,CAVERNS COUNTRY CLUB,19446,910 TC NORTHCOTT BLVD,LURAY,VA,22835,UNDER AGED BUYER,1,N,STAUNTON,CONSENT SETTLEMENT,7/31/2009,09/17/09,25,,,,,,
240,A MOMENT TO REMEMBER,54719,55 E MAIN STREET,LURAY,VA,22835,UNDER AGED BUYER,1,N,STAUNTON,CONSENT SETTLEMENT,7/31/2009,09/17/09,25,,,,,,
758,OUTLANDERS INC,33072,4768 US HWY 211 W,LURAY,VA,22835,UNDER AGED BUYER,1,N,STAUNTON,CONSENT SETTLEMENT,3/9/2010,04/07/10,," $ 2,000.00 ",,,,,
772,COURT HOUSE ANTIQUES & REPRODUCTIONS,55173,14 E MAIN ST,LURAY,VA,22835,UNDER AGED BUYER,1,N,STAUNTON,CONSENT SETTLEMENT,3/9/2010,04/14/10,25,,,,,,
777,OUTLANDERS INC,33072,4768 US HWY 211 W,LURAY,VA,22835,UNDER AGED BUYER,1,N,STAUNTON,CONSENT SETTLEMENT,3/9/2010,04/16/10,,"$2,000.00 ",,,,,
778,HIGH UP OF LURAY LLC,61417,725 E MAIN ST,LURAY,VA,22835,UNDER AGED BUYER,1,N,STAUNTON,CONSENT SETTLEMENT,3/9/2010,04/16/10,,"$2,000.00 ",,,,,
455,VILLAGE MARKET,30207,10775 MCGAHEYSVILLE ROAD,MCGAHEYSVILLE,VA,22840,UNDER AGED BUYER,1,N,STAUNTON,CONSENT SETTLEMENT,11/6/2009,01/04/10,," $ 2,000.00 ",,,,,
474,THUNDERBIRD CAFÉ,54373,42A ISLAND FORD ROAD,MCGAHEYSVILLE,VA,22840,UNDER AGED BUYER,1,N,STAUNTON,CONSENT SETTLEMENT,11/6/2009,01/04/10,25,,,,,,
549,M V C C 4,70804,47 DINKEL AVENUE,MOUNT CRAWFORD,VA,22841,UNDER AGED BUYER,1,N,STAUNTON,CONSENT SETTLEMENT,11/6/2009,02/04/10,," $ 2,000.00 ",,,,,
331,7 ELEVEN STORE 2531 16543 D,1815,385 GREENBRIER DRIVE,CHARLOTTESVILLE,VA,22901,UNDER AGED BUYER,1,N,STAUNTON,CONSENT SETTLEMENT,9/18/2009,11/09/09,," $ 2,000.00 ",,,,,
369,MAHARAJA INDIAN CUISINE,35731,139 ZAN ROAD,CHARLOTTESVILLE,VA,22901,UNDER AGED BUYER,1,N,STAUNTON,CONSENT SETTLEMENT,9/25/2009,11/24/09,," $ 2,000.00 ",,,,,
414,COUPE DEVILLES RESTAURANT,38112,9 ELLIEWOOD AVENUE,CHARLOTTESVILLE,VA,22903,UNDER AGED BUYER,1,N,STAUNTON,OFFER-IN-COMPROMISE,9/18/2009,12/15/09,," $ 2,000.00 ",,,,,
285,DIMARIE RESTAURANT & GROCERY,59903,153 BYRD STREET,ORANGE,VA,22960,UNDER AGED BUYER,1,N,STAUNTON,CONSENT SETTLEMENT,8/14/2009,10/16/09,25,,,,,,
565,FOOD LION 1402 ,9861,10573 JAMES MADISON HWY,ORANGE,VA,22960,UNDER AGED BUYER,1,N,STAUNTON,CONSENT SETTLEMENT,11/24/2009,02/08/10,," $ 2,000.00 ",,,,,
558,WILLIAMS GROCERY,41280,439 WILLIAMSTOWN ROAD,SHIPMAN,VA,22971,UNDER AGED BUYER,1,N,LYNCHBURG,CONSENT SETTLEMENT,11/4/2009,02/08/10,," $ 2,000.00 ",,,,,
464,COUNTRY QUICK STOP,9049,7730 MILITARY ROAD,AMELIA COURT HOUSE,VA,23002,UNDER AGED BUYER,1,N,RICHMOND,CONSENT SETTLEMENT,10/31/2009,01/04/10,," $ 2,000.00 ",,,,,
600,JAX,57980,28895 N JAMES MADISON HWY,ARVONIA,VA,23004,UNDER AGED BUYER,1,N,LYNCHBURG,CONSENT SETTLEMENT,11/2/2009,02/16/10,," $ 2,000.00 ",,,,,
15,ASHLAND EXXON,30169,816 ENGLAND STREET,ASHLAND,VA,23005,UNDER AGED BUYER,1,N,RICHMOND,CONSENT SETTLEMENT,4/3/2009,07/06/09,," $ 2,000.00 ",,,,,
445,JADE CHINESE RESTAURANT,52497,10180 LAKERIDGE PKWY,ASHLAND,VA,23005,UNDER AGED BUYER,1,N,RICHMOND,CONSENT SETTLEMENT,10/17/2009,01/04/10,," $ 2,000.00 ",,,,,
572,FOOD LION 681,9759,9541 KINGS CHARTER DRIVE,ASHLAND,VA,23005,UNDER AGED BUYER,1,N,RICHMOND,CONSENT SETTLEMENT,12/8/2009,02/11/10,," $ 2,000.00 ",,,,,
642,DOSWELL MARKET,42380,15145 WASHINGTON HWY,ASHLAND,VA,23005,UNDER AGED BUYER,1,N,RICHMOND,CONSENT SETTLEMENT,12/23/2009,02/24/10,," $ 2,000.00 ",,,,,
643,SHEETZ # 286,11120,10036 SLIDING HILL ROAD,ASHLAND,VA,23005,UNDER AGED BUYER,1,N,RICHMOND,CONSENT SETTLEMENT,7/30/2009,02/24/10,," $ 2,000.00 ",,,,,
634,DOSWELL EXPRESS,40752,16414 WASHINGTON HWY,DOSWELL,VA,23047,UNDER AGED BUYER,1,N,RICHMOND,CONSENT SETTLEMENT,7/23/2009,02/24/10,," $ 2,000.00 ",,,,,
599,RUBY TUESDAY 249,74468,10101 BROOK ROAD,GLEN ALLEN,VA,23059,UNDER AGED BUYER,1,N,RICHMOND,CONSENT SETTLEMENT,12/5/2009,02/16/10,," $ 2,000.00 ",,,,,
267,WAWA FOOD MARKETS #677,13577,8800 BROOK ROAD,GLEN ALLEN,VA,23060,UNDER AGED BUYER,1,Y,RICHMOND,OFFER-IN-COMPROMISE,6/15/2009,10/07/09,," $ 10,000.00 ",5,,,,
271,DAVE & BUSTERS,56506,4001 BROWNSTONE BLVD,GLEN ALLEN,VA,23060,UNDER AGED BUYER,1,N,RICHMOND,CONSENT SETTLEMENT,8/11/2009,10/16/09,," $ 2,000.00 ",,,,,
364,EAST COAST #4059,13302,9800 W BROAD STREET ,GLEN ALLEN,VA,23060,UNDER AGED BUYER,1,N,RICHMOND,CONSENT SETTLEMENT,9/23/2009,11/24/09,," $ 2,000.00 ",,,,,
434,MEGA MART,47724,1611 MOUNTAIN ROAD,GLEN ALLEN,VA,23060,UNDER AGED BUYER,1,Y,RICHMOND,INITIAL HEARING,6/15/2009,12/22/09,30," $ 3,000.00 ",10,,,,
495,MOUNTAIN EXPRESS,401,1680 MOUNTAIN ROAD,GLEN ALLEN,VA,23060,UNDER AGED BUYER,1,Y,RICHMOND,APPEAL HEARING,8/1/2008,01/22/10,," $ 2,000.00 ",,,,,
640,CHEN'S CHINESE RESTAURANT,16836,11361 NUCKOLS ROAD,GLEN ALLEN,VA,23060,UNDER AGED BUYER,1,N,RICHMOND,CONSENT SETTLEMENT,12/16/2009,02/24/10,," $ 2,000.00 ",,,,,
468,DAMON & COMPANY,38682,7104 GEORGE WASHINGTON MEMORIAL HWY,GLOUCESTER,VA,23061,UNDER AGED BUYER,1,N,HAMPTON,CONSENT SETTLEMENT,10/16/2009,01/04/10,," $ 2,000.00 ",,,,,
650,TAYLORS SERVICE CENTER,14447,1924 SANDY HOOK ROAD,GOOCHLAND,VA,23063,UNDER AGED BUYER,1,Y,RICHMOND,OFFER-IN-COMPROMISE,12/9/2009,03/01/10,," $ 1,500.00 ",,,,,
34,ROYAL MART #8,45920,1113 E NINE MILE ROAD,HIGHLAND SPRINGS,VA,23075,UNDER AGED BUYER,1,Y,RICHMOND,INITIAL HEARING,12/8/2008,07/21/09,,,,,,Y,DISMISSED
6,EXXON #26977,14234,6446 RICHMOND ROAD,LIGHTFOOT,VA,23090,UNDER AGED BUYER,1,N,HAMPTON,CONSENT SETTLEMENT,3/27/2009,07/06/09,," $ 2,000.00 ",,,,,
268,TANGLEWOOD ORDINARY,42438,2210 RIVER ROAD W,MAIDENS,VA,23102,UNDER AGED BUYER,1,N,RICHMOND,OFFER-IN-COMPROMISE,6/19/2009,10/06/09,15,,,,,,
540,SYCAMORE CREEK GOLF COURSE,55899,1991 MANAKIN ROAD,MANAKIN SABOT,VA,23103,UNDER AGED BUYER,1,N,RICHMOND,OFFER-IN-COMPROMISE,11/6/2009,02/01/10,," $ 1,500.00 ",,,,,
435,QUEENFIELD GOLF COURSE,15757,1986 DABNEYS MILL ROAD,MANQUIN,VA,23106,UNDER AGED BUYER,1,N,RICHMOND,INITIAL HEARING,3/11/2009,12/22/09,25," $ 2,000.00 ",,,,,
635,CHICKAHOMINY MARKET,10000,5181 COLD HARBOR ROAD,MECHANICSVILLE,VA,23111,UNDER AGED BUYER,1,N,RICHMOND,CONSENT SETTLEMENT,7/8/2009,02/24/10,," $ 2,000.00 ",,,,,
749,7 ELEVEN STORE 2516 24591 H,35140,8025 MECHANICSVILLE TPKE,MECHANICSVILLE,VA,23111,UNDER AGED BUYER,1,Y,RICHMOND,OFFER-IN-COMPROMISE,7/30/2009,04/08/10,," $ 5,000.00 ",14,,,,
35,BUFFALO WILD WINGS GRILL & BAR,41341,12056 SOUTHSHORE POINTE DRIVE,MIDLOTHIAN,VA,23112,UNDER AGED BUYER,1,Y,RICHMOND,INITIAL HEARING,8/13/2008,07/21/09,,,,,,Y,DISMISSED
593,KMART 3634,3019,1103 HULL STREET,MIDLOTHIAN,VA,23112,UNDER AGED BUYER,1,N,RICHMOND,OFFER-IN-COMPROMISE,11/24/2009,02/16/10,," $ 1,500.00 ",,,,,
647,TARGET STORE T 1225,45174,4601 COMMONWEALTH CENTRE PKWY,MIDLOTHIAN,VA,23112,UNDER AGED BUYER,1,N,RICHMOND,CONSENT SETTLEMENT,12/29/2009,02/25/10,," $ 2,000.00 ",,,,,
904,BELLGRADE SHELL,73188,11440 W HUGENOT RD,MIDLOTHIAN,VA,23113,UNDER AGED BUYER,1,N,RICHMOND,INITIAL HEARING,12/30/2009,06/15/10,20," $ 1,750.00 ",,,,,
861,UPPY'S 19,10291,113 BROWNS WAY RD,MIDLOTHIAN,VA,23114,UNDER AGED BUYER,1,Y,RICHMOND,INITIAL HEARING,12/30/2009,05/21/10,30," $ 3,000.00 ",10,,,,
703,FAMILY FOOD,44327,16910 HULL STREET RD,MOSELEY,VA,23120,UNDER AGED BUYER,1,N,RICHMOND,CONSENT SETTLEMENT,12/28/2009,03/17/10,," $ 2,000.00 ",,,,,
535,BY THE RIVER RESTAURANT,53069,31937 N JAMES MADISON HWY,NEW CANTON,VA,23123,UNDER AGED BUYER,1,N,LYNCHBURG,OFFER-IN-COMPROMISE,11/2/2009,02/01/10,," $ 1,500.00 ",,,,,
144,MCLEANS GROCERY,72503,7869 RICHMOND ROAD,TOANO,VA,23168,UNDER AGED BUYER,1,N,HAMPTON,OFFER-IN-COMPROMISE,6/9/2009,08/14/09,," $ 1,500.00 ",,,,,
504,GOODFELLAS PASTA SEA AND GRILL,40357,5036 GEORGE WASHINGTON MEMORIAL HWY,WHITE MARCH,VA,23183,UNDER AGED BUYER,1,N,HAMPTON,OFFER-IN-COMPROMISE,10/16/2009,01/22/10,," $ 1,500.00 ",,,,,
835,7 ELEVEN STORE 2516 34066 H,50316,5166 GEORGE WASHINGTON MEM HWY,WHITE MARSH,VA,23183,UNDER AGED BUYER,1,Y,HAMPTON,OFFER-IN-COMPROMISE,2/4/2010,04/30/10,," $ 5,000.00 ",,,,,
336,NORGE SHELL,27594,7340 RICHMOND ROAD,WILLIAMSBURG,VA,23188,UNDER AGED BUYER,1,N,HAMPTON,CONSENT SETTLEMENT,9/16/2009,11/09/09,," $ 2,000.00 ",,,,,
796,LONGHORN STEAKHOUSE OF WILLIAMSBURG,44046,4970 MONTICELLO AVE STE 13,WILLIAMSBURG,VA,23188,UNDER AGED BUYER,1,N,HAMPTON,CONSENT SETTLEMENT,3/17/2010,04/28/10,," $ 2,000.00 ",,,,,
845,MONTICELLO SHELL,27554,4625 MONTICELLO AVE,WILLIAMSBURG,VA,23188,UNDER AGED BUYER,1,N,HAMPTON,CONSENT SETTLEMENT,3//17/10,05/13/10,," $ 2,000.00 ",,,,,
850,7 ELEVEN STORE 2516 266407 H,39748,6658 RICHMOND RD,WILLIAMSBURG,VA,23188,UNDER AGED BUYER,1,N,HAMPTON,CONSENT SETTLEMENT,3/17/2010,05/20/10,," $ 2,000.00 ",,,,,
810,VELVET,9253,3 SOUTH 15TH STREET,RICHMOND,VA,23219,CONSUM. BY UNDERAGE; ALLOWED WINE TO BE  REMOVED FROM PREMISES; AFTER HOURS SALE/CONSUMPTION; MTG. PLACE OR RENDEZVOUS; CONVICTED FELON; ; UAB; CONSUMPTION BY INTOXICATED; LOITERING BY INTOX; & ALLOWED BEER TO BE REMOVED.,11,Y,RICHMOND,APPEAL HEARING,8/8/2008,5/5/2010,,,,,Y,,REVOKED
31,AMORE ROTISSERIE & GRILL,46244,1219 E MAIN STREET,RICHMOND,VA,23219,UNDER AGED BUYER,1,N,RICHMOND,CONSENT SETTLEMENT,5/27/2009,07/17/09,25,,,,,,
115,CAFÉ RUSTICA ,50179,414 E MAIN STREET,RICHMOND,VA,23219,UNDER AGED BUYER,1,N,RICHMOND,CONSENT SETTLEMENT,5/27/2009,08/05/09,," $ 2,000.00 ",,,,,
156,PERLYS DELI & RESTAURANT,39216,111 E GRACE STREET,RICHMOND,VA,23219,UNDER AGED BUYER,1,N,RICHMOND,CONSENT SETTLEMENT,5/27/2009,08/20/09,25,,,,,,
451,JOHNS MARKET,42624,1024 N 1ST STREET,RICHMOND,VA,23219,UNDER AGED BUYER,1,N,RICHMOND,CONSENT SETTLEMENT,10/22/2009,01/04/10,," $ 2,000.00 ",,,,,
114,SPORTS CENTER OF RICHMOND INC. T/A SCOR,45026,1405 OVERBROOK ROAD,RICHMOND,VA,23220,UNDER AGED BUYER,1,N,RICHMOND,CONSENT SETTLEMENT,5/27/2009,08/05/09,," $ 2,000.00 ",,,,,
450,FAST BREAK CONVENIENCE STORES,40823,1600 W BROAD STREET,RICHMOND,VA,23220,UNDER AGED BUYER,1,N,RICHMOND,CONSENT SETTLEMENT,10/28/2009,01/04/10,," $ 2,000.00 ",,,,,
555,MARSHALLS ON MARSHALL CAFÉ,40701,"23 W MARSHALL STREET, STE A",RIHCMOND,VA,23220,UNDER AGED BUYER,1,N,RICHMOND,CONSENT SETTLEMENT,11/6/2009,02/08/10,," $ 2,000.00 ",,,,,
620,LITTLE MEXICO,49563,1324 W CARY STREET,RICHMOND,VA,23220,UNDER AGED BUYER,1,N,RICHMOND,CONSENT SETTLEMENT,12/10/2009,02/24/10,," $ 2,000.00 ",,,,,
649,SIX BURNER,32545,1627 W MAIN STREET,RICHMOND,VA,23220,UNDER AGED BUYER,1,Y,RICHMOND,OFFER-IN-COMPROMISE,12/9/2009,03/01/10,," $ 1,500.00 ",,,,,
701,HOME TEAM GRILL,46332,1630 W MAIN ST,RICHMOND,VA,23220,UNDER AGED BUYER,1,N,RICHMOND,CONSENT SETTLEMENT,1/28/2010,03/17/10,," $ 2,000.00 ",,,,,
705,SI ,48110,214 N LOMBARDY STREET,RICHMOND,VA,23220,UNDER AGED BUYER,1,N,RICHMOND,CONSENT SETTLEMENT,1/28/2010,03/18/10,," $ 2,000.00 ",,,,,
929,BAMBOO CAFE,57625,1 S. MULBERRY STREET,RICHMOND,VA,23220,UNDER AGED BUYER,1,Y,RICHMOND,OFFER-IN-COMPROMISE,1/28/2010,06/25/10,," $ 5,000.00 ",,,,,
399,TIKI BOBS CANTINA,19979,110 N 18TH STREET,RICHMOND,VA,23223,CONSUMPTION OF A.B. BY A PERSON LESS THAN 21 YOA,1,N,RICHMOND,OFFER-IN-COMPROMISE,7/16/2009,12/08/09,," $ 2,000.00 ",,,,,
402,UPPYS XXIII,29343,1701 E BROAD STREET,RICHMOND,VA,23223,UNDER AGED BUYER,1,Y,RICHMOND,INITIAL HEARING,6/18/2009,12/08/09,30," $ 3,000.00 ",10,,,,
674,SENSI,39433,222 EAST CARY ST,RICHMOND,VA,23223,UNDER AGED BUYER,1,N,RICHMOND,INITIAL HEARING,6/18/2009,03/03/10,,,,,,Y,DISMISSED
218,48 HOURS,73670,5091 FOREST HILL AVENUE,RICHMOND,VA,23225,UNDER AGED BUYER,1,Y,RICHMOND,INITIAL HEARING,2/26/2009,09/04/09,30," $ 3,000.00 ",10,,,,
326,BRICK OVEN PIZZA,39438,2557 SHEILA LANE,RICHMOND,VA,23225,UNDER AGED BUYER,1,Y,RICHMOND,INITIAL HEARING,3/24/2009,11/05/09,30," $ 3,000.00 ",10,,,,
332,D & H FOOD MART,72400,5816 MIDLOTHIAN TPKE,RICHMOND,VA,23225,UNDER AGED BUYER,1,N,RICHMOND,CONSENT SETTLEMENT,9/23/2009,01/09/10,," $ 2,000.00 ",,,,,
431,ISLAND VENTURE RESTAURANT & LOUNGE,2661,3410 SEMMES AVENUE,RICHMOND,VA,23225,UNDER AGED BUYER,1,Y,RICHMOND,APPEAL HEARING,3/24/2009,12/22/09,30," $ 3,000.00 ",10,,,,
563,7-ELEVEN STORE 2515,32811,121 TURNER ROAD,RICHMOND,VA,23225,UNDER AGED BUYER,1,N,RICHMOND,CONSENT SETTLEMENT,11/24/2009,02/08/10,," $ 2,000.00 ",,,,,
610,ASADOS LOS CATRAEHOS,56397,"6856 MIDLOTHIAN TNPK, STE 112",RICHMOND,VA,23225,UNDER AGED BUYER,1,N,RICHMOND,CONSENT SETTLEMENT,12/11/2009,02/18/10,," $ 2,000.00 ",,,,,
619,EL SONSONATECO RESTAURANT,47852,6856 MIDLOTHIAN TNPK,RICHMOND,VA,23225,UAB AND FAILED TO HAVE DESIGNATED MANAGER,2,N,RICHMOND,CONSENT SETTLEMENT,12/11/2009,02/24/10,," $ 2,500.00 ",,,,,
212,ROYAL MART 10,46610,805 E PARHAM ROAD,RICHMOND,VA,23227,UNDER AGED BUYER,1,N,RICHMOND,INITIAL HEARING,10/24/2008,09/04/09,,,,,,Y,DISMISSED
105,MERRIWEATHER GODSEY AT LEWIS GINTER BOTANICAL GARDEN,36234,1800 LAKESIDE AVENUE,RICHMOND,VA,23228,UNDER AGED BUYER,1,N,RICHMOND,CONSENT SETTLEMENT,6/11/2009,08/05/09,," $ 2,000.00 ",,,,,
470,7 ELEVEN STORE 2515 26115 H,39406,8401 STAPLES MILL ROAD,RICHMOND,VA,23228,UNDER AGED BUYER,1,N,RICHMOND,CONSENT SETTLEMENT,10/31/2009,01/04/10,," $ 2,000.00 ",,,,,
702,LA CEIBA RESTAURANT,34808,3112A NORTHSIDE AVE,RICHMOND,VA,23228,UNDER AGED BUYER,1,N,RICHMOND,CONSENT SETTLEMENT,2/3/2010,03/17/10,," $ 2,000.00 ",,,,,
134,MELITOS,47640,8815 THREE CHOPT ROAD,RICHMOND,VA,23229,UNDER AGED BUYER,1,N,RICHMOND,INITIAL HEARING,12/15/2008,08/14/09,15," $ 1,500.00 ",,,,,
432,LUCKYS,41053,9911 THREE CHOPT ROAD,RICHMOND,VA,23229,UNDER AGED BUYER,1,Y,RICHMOND,INITIAL HEARING,6/8/2009,12/22/09,30," $ 3,000.00 ",10,,,,
765,CORKS & KEGS,48896,"7110 PATTERSON AVE, STE A",RICHMOND,VA,23229,UNDER AGED BUYER,1,N,RICHMOND,CONSENT SETTLEMENT,2/2/2010,04/12/10,," $ 2,000.00 ",,,,,
858,QUIOCCASIN AUTO CLINIC,39143,9230 QUIOCCASIN RD,RICHMOND,VA,23229,UNDER AGED BUYER,1,Y,RICHMOND,INITIAL HEARING,2/2/2010,05/21/10,30," $ 3,000.00 ",10,,,,
256,COLONIAL DOWNS FOOD & BEVERAGE,32694,4700 W BROAD STREET,RICHMOND,VA,23230,UNDER AGED BUYER,1,Y,RICHMOND,APPEAL HEARING,1/15/2009,10/05/09,30," $ 3,000.00 ",,,,,
664,HENRICO CHUBBYS,42137,6016 WEST BROAD STREET,RICHMOND,VA,23230,UNDER AGED BUYER,1,Y,RICHMOND,INITIAL HEARING,6/8/2009,03/02/10,,,,,,Y,DISMISSED
688,THE WESTIN RICHMOND,53461,6631 W BROAD ST,RICHMOND,VA,23230,UNDER AGED BUYER,1,N,RICHMOND,CONSENT SETTLEMENT,2/2/2010,03/12/10,," $ 2,000.00 ",,,,,
461,KENJI HIBACHI AND SUSHI BAR,54432,"11740 W BROAD STREET, STE 102B",RICHMOND,VA,23233,UNDER AGED BUYER,1,N,RICHMOND,CONSENT SETTLEMENT,11/6/2009,01/04/10,," $ 2,000.00 ",,,,,
534,FIREBIRDS ROCKY MOUNTAIN GRILL,27979,"11800 W BROAD STREET, STE 1068",RICHMOND,VA,23233,UNDER AGED BUYER,1,N,RICHMOND,OFFER-IN-COMPROMISE,11/6/2009,02/01/10,25," $ 2,000.00 ",,,,,
552,SEIBERTS GASKINS ROAD CONVENIENCE STORE,58400,3830 GASKINS ROAD,RICHMOND,VA,23233,UNDER AGED BUYER,1,N,RICHMOND,CONSENT SETTLEMENT,11/6/2009,02/04/10,," $ 2,000.00 ",,,,,
607,EL TROPICABANA LLC,47038,4900 JEFFERSON DAVIS HWY,RICHMOND,VA,23234,UNDER AGED BUYER,1,N,RICHMOND,CONSENT SETTLEMENT,11/6/2009,02/18/10,," $ 2,000.00 ",,,,,
124,MI HACIENDA,77331,8250 MIDLOTHIAN TPKE,RICHMOND,VA,23235,UNDER AGED BUYER,1,Y,RICHMOND,INITIAL HEARING,2/26/2009,08/11/09,30," $ 3,000.00 ",10,,,,
679,BRANCHWAY SHELL,49316,11441 MIDLOTHIAN TURNPIKE,RICHMOND,VA,23235,UNDER AGED BUYER,1,Y,RICHMOND,INITIAL HEARING,8/20/2009,03/08/10,30," $ 3,000.00 ",10,,,,
775,CENTER COURT CAFÉ ,60231,10800 CENTER VIEW DR,RICHMOND,VA,23235,UNDER AGED BUYER,1,N,RICHMOND,CONSENT SETTLEMENT,3/3/2010,04/14/10,," $ 2,000.00 ",,,,,
924,AMOCO,73777,8001 MIDLOTHIAN TPKE,RICHMOND,VA,23235,UNDER AGED BUYER,1,N,RICHMOND,OFFER-IN-COMPROMISE,5/5/2010,06/24/10,," $ 1,000.00 ",,,,,
930,UPPY'S XIV,29345,2708 BUFORD ROAD,RICHMOND,VA,23235,UNDER AGED BUYER,1,Y,RICHMOND,OFFER-IN-COMPROMISE,5/10/2010,06/25/10,," $ 5,000.00 ",3,,,,
913,TARGET STORE T 1041,45176,11301 MIDLOTHIAN TPKE,RICHMOND,VA,23235,UAB TO 2 PERSONS,1,N,RICHMOND,CONSENT SETTLEMENT,4/6/2010,06/11/10,," $ 2,000.00 ",,,,,
227,SINO AMERICAN CAFÉ,11667,8701 MIDLOTHIAN TPKE,RICHMOND,VA,23235,"UAB, FAILED TO COMPLY WITH CONDITIONS OR RESTRICTIONS OF LICENSE",2,Y,RICHMOND,INITIAL HEARING,3/24/2009,09/09/09,25," $ 2,000.00 ",,,,Y,"CH 1-CIVIL PENALTY, CH 2-DISMISSED"
142,RITE AID #11249,77103,1104 COURTHOUSE ROAD,RICHMOND,VA,23236,UNDER AGED BUYER,1,Y,RICHMOND,OFFER-IN-COMPROMISE,5/14/2009,08/14/09,," $ 5,000.00 ",3,,,,
739,SHEETZ #338,25805,20 S PROVIDENCE RD,RICHMOND,VA,23236,UNDER AGED BUYER,1,N,RICHMOND,CONSENT SETTLEMENT,2/9/2010,04/05/10,," $ 2,000.00 ",,,,,
854,DONA BLANCA LATINO MINI MARKET,55998,9621 JEFFERSON DAVIS HWY,RICHMOND,VA,23237,UNDER AGED BUYER,1,N,RICHMOND,CONSENT SETTLEMENT,3/3/2010,05/21/10,25,,,,,,
62,KABUTO JAPANESE HOUSE OF STEAKS,25511,8052 W BROAD STREET,RICHMOND,VA,23294,UNDER AGED BUYER,1,N,RICHMOND,CONSENT SETTLEMENT,5/18/2009,07/29/09,," $ 2,000.00 ",,,,,
160,DON PAPA GRANDE MEXICAN RESTAURANT,29447,"8900 W BROAD STREET, STE A",RICHMOND,VA,23294,UNDER AGED BUYER,1,N,RICHMOND,OFFER-IN-COMPROMISE,2/9/2009,08/20/09,," $ 4,500.00 ",3,,,,
215,UPPYS XXXIX,39868,8208 W BROAD STREET,RICHMOND,VA,23294,UNDER AGED BUYER,1,N,RICHMOND,INITIAL HEARING,11/30/2008,09/04/09,25," $ 2,000.00 ",,,,,
542,EUROPEAN DELI,16841,9026 NW BROAD STREET,RICHMOND,VA,23294,UNDER AGED BUYER,1,N,RICHMOND,CONSENT SETTLEMENT,12/8/2009,02/04/10,25,,,,,,
570,SAKURA JAPANESE STEAKHOUSE,19224,9008 W BROAD STREET,RICHMOND,VA,23294,UNDER AGED BUYER,1,N,RICHMOND,CONSENT SETTLEMENT,12/16/2009,02/08/10,," $ 2,000.00 ",,,,,
639,NICKS ROMAN TERRACE,20818,8051A W BROAD STREET,RICHMOND,VA,23294,UNDER AGED BUYER,1,N,RICHMOND,CONSENT SETTLEMENT,12/16/2009,02/24/10,," $ 2,000.00 ",,,,,
708,FAST STOP #2,39712,36154 LANKFORD HWY,BELLE HAVEN,VA,23306,UNDER AGED BUYER,1,N,CHESAPEAKE,INITIAL HEARING,8/8/2009,03/19/10,30," $ 3,000.00 ",,,,,
195,ROCK N ROBINS FAMILY RESTAURANT & PUB,39293,22512 LANKFORD HWY,CAPE CHARLES,VA,23310,UNDER AGED BUYER,1,N,CHESAPEAKE,CONSENT SETTLEMENT,6/12/2009,09/01/09,," $ 2,000.00 ",,,,,
375,SUNSET BEACH RESORT & HOTEL,6603,32246 LANKFORD HWY,CAPE CHARLES,VA,23310,UNDER AGED BUYER,1,N,CHESAPEAKE,OFFER-IN-COMPROMISE,6/19/2009,11/24/09,15,,,,,,
633,SHORE TREASURES,53849,425 MASON AVENUE,CAPE CHARLES,VA,23310,UNDER AGED BUYER,1,N,CHESAPEAKE,CONSENT SETTLEMENT,12/4/2009,02/24/10,25,,,,,,
180,KMART #3471,1525,2001 S MILITARY HWY,CHESAPEAKE,VA,23320,UNDER AGED BUYER,1,Y,CHESAPEAKE,INITIAL HEARING,12/7/2008,08/28/09,30," $ 3,000.00 ",10,,,,
259,TAQUERIA LA BAHIA RESTAURANT,51472,2213 S MILITARY HWY,CHESAPEAKE,VA,23320,UNDER AGED BUYER,1,N,CHESAPEAKE,INITIAL HEARING,3/26/2009,10/07/09,25," $ 2,000.00 ",,,,,
290,SALSARITAS,56521,1445 SAMS DRIVE #103,CHESAPEAKE,VA,23320,UNDER AGED BUYER,1,N,CHESAPEAKE,OFFER-IN-COMPROMISE,6/10/2009,10/23/09,15," $ 1,500.00 ",,,,,
411,MAXWELLS TAVERN,58783,"109 VOLVO PKWY, STE 1",CHESAPEAKE,VA,23320,UNDER AGED BUYER,1,N,CHESAPEAKE,OFFER-IN-COMPROMISE,8/12/2009,12/15/09,25," $ 1,500.00 ",,,,,
746,BREW CITY GRILL,32941,1701 PARKVIEW DRIVE,CHESAPEAKE,VA,23320,UNDER AGED BUYER,1,Y,CHESAPEAKE,OFFER-IN-COMPROMISE,10/8/2009,04/07/10,," $ 1,500.00 ",,,,,
2,C & E CONVENIENCE,74304,3940 AIRLINE BLVD,CHESAPEAKE,VA,23321,UNDER AGED BUYER,1,N,CHESAPEAKE,CONSENT SETTLEMENT,5/8/2009,07/06/09,25,,,,,,
10,FARM FRESH SUPERMARKET 168,78191,3353 W BRANCH BLVD,CHESAPEAKE,VA,23321,UNDER AGED BUYER,1,N,CHESAPEAKE,CONSENT SETTLEMENT,5/8/2009,07/06/09,," $ 2,000.00 ",,,,,
58,CHILIS GRILL & BAR,47751,2636 TAYLOR EOAD,CHESAPEAKE,VA,23321,UNDER AGED BUYER,1,N,CHESAPEAKE,CONSENT SETTLEMENT,5/8/2009,07/29/09,," $ 2,000.00 ",,,,,
159,PDX GRILLE,56082,"4300 PORTSMOUTH BLVD, STE 162B",CHESAPEAKE,VA,23321,UNDER AGED BUYER,1,N,CHESAPEAKE,OFFER-IN-COMPROMISE,5/8/2009,08/20/09,," $ 1,500.00 ",,,,,
261,MILLER MART #68,17319,3200 WESTERN BRANCH BLVD,CHESAPEAKE,VA,23321,UNDER AGED BUYER,1,N,CHESAPEAKE,INITIAL HEARING,5/8/2009,10/07/09,25," $ 2,000.00 ",,,,,
831,ELUZIONS RESTAURANT & LOUNGE,57584,4124 CHESAPEAKE SQ. BLVD.,CHESAPEAKE,VA,23321,UNDER AGED BUYER,1,N,CHESAPEAKE,OFFER-IN-COMPROMISE,2/19/2010,04/30/10,," $ 1,500.00 ",,,,,
126,THE YELLOW STORE,13149,1006 1/2 FENTRESS ROAD,CHESAPEAKE,VA,23322,UNDER AGED BUYER,1,N,CHESAPEAKE,CONSENT SETTLEMENT,6/10/2009,08/11/09,," $ 2,000.00 ",,,,,
133,CASA DI COSTANZO,43197,"1464 MOUNT PLEASANT ROAD, STE 15 ",CHESAPEAKE,VA,23322,UNDER AGED BUYER,1,N,CHESAPEAKE,CONSENT SETTLEMENT,6/10/2009,08/12/09,25,,,,,,
481,RITE AID #11254,29661,1415 CEDAR ROAD,CHESAPEAKE,VA,23322,UNDER AGED BUYER,1,N,CHESAPEAKE,INITIAL HEARING,6/11/2009,01/13/10,25," $ 2,000.00 ",,,,,
581,CHESAPEAKE MILLER MART,35675,1229 CEDAR ROAD,CHESAPEAKE,VA,23322,UNDER AGED BUYER,1,N,CHESAPEAKE,APPEAL HEARING,6/10/2009,02/03/10,15," $ 1,500.00 ",,,,, 
433,YU MI SUSHI INC,47781,"940 CEDAR ROAD, STE 111",CHESAPEAKE,VA,23322,"UAB, DESIGNATED MANAGER NOT ON DUTY",2,N,CHESAPEAKE,INITIAL HEARING,6/10/2009,12/22/09,25," $ 2,500.00 ",,,,,
13,BRENTWOOD FOOD MART,5038,1434 GEORGE WASHINGTON HWY N,CHESAPEAKE,VA,23323,UNDER AGED BUYER,1,N,CHESAPEAKE,CONSENT SETTLEMENT,3/26/2009,07/06/09,," $ 2,000.00 ",,,,,
14,7 ELEVEN STORE 2511 33565 A,53747,900 CAVALIER BLVD,CHESAPEAKE,VA,23323,UNDER AGED BUYER,1,N,CHESAPEAKE,CONSENT SETTLEMENT,5/8/2009,07/06/09,," $ 2,000.00 ",,,,,
23,EXXON #20059,14186,3591 S MILITARY HWY,CHESAPEAKE,VA,23323,UNDER AGED BUYER,1,N,CHESAPEAKE,CONSENT SETTLEMENT,3/26/2009,07/17/09,," $ 2,000.00 ",,,,,
174,QUICK STOP,51167,2444 CEDAR ROAD,CHESAPEAKE,VA,23323,UNDER AGED BUYER,1,N,CHESAPEAKE,INITIAL HEARING,12/10/2008,08/27/09,25," $ 2,000.00 ",,,,,
299,IZKA FOOD MART,42797,3228 S MILITARY HWY,CHESAPEAKE,VA,23323,UNDER AGED BUYER,1,N,CHESAPEAKE,CONSENT SETTLEMENT,8/20/2009,10/27/09,," $ 2,000.00 ",,,,,
787,VA045 TEXACO CORNER MART,33472,1256 GEORGE WASHINGTON HWY N,CHESAPEAKE,VA,23323,UNDER AGED BUYER,1,N,CHESAPEAKE,CONSENT SETTLEMENT,3/12/2010,04/23/10,,"$2,000.00 ",,,,,
790,VA070 TEXACO CORNER MART,33456,3013 S MILITARY HWY,CHESAPEAKE,VA,23323,UNDER AGED BUYER,1,N,CHESAPEAKE,CONSENT SETTLEMENT,3/12/2010,04/23/10,," $ 2,000.00 ",,,,,
471,FOOD LION 1591,9918,2544 BAINBRIDGE BLVD,CHESAPEAKE,VA,23324,UNDER AGED BUYER,1,N,CHESAPEAKE,CONSENT SETTLEMENT,10/8/2009,01/04/10,," $ 2,000.00 ",,,,,
482,7 ELEVEN STORE 2511 33669 H,48157,1928 BATTLEFIELD BLVD N,CHESAPEAKE,VA,23324,UNDER AGED BUYER,1,N,CHESAPEAKE,INITIAL HEARING,6/10/2009,01/13/10,25," $ 2,000.00 ",,,,,
551,M R FOOD MART,71201,2302 BORDER ROAD,CHESAPEAKE,VA,23324,UNDER AGED BUYER,1,N,CHESAPEAKE,CONSENT SETTLEMENT,10/8/2009,02/04/10,," $ 2,000.00 ",,,,,
341,EL RANCHITO 2,44831,17180 COURTHOUSE ROAD,EASTVILLE,VA,23347,"UAB, DESIGNATED MANAGER NOT ON DUTY",2,N,CHESAPEAKE,CONSENT SETTLEMENT,8/8/2009,11/09/09,25,,,,,,
74,SMITHFIELD STATION,43243,415 S CHURCH STREET,SMITHFIELD,VA,23430,UNDER AGED BUYER,1,N,HAMPTON,INITIAL HEARING,11/14/2008,08/03/09,15," $ 1,500.00 ",,,,,
585,SMITHFIELD FOOD STORE,48017,1007 S CHURCH STREET,SMITHFIELD,VA,23430,UNDER AGED BUYER,1,N,HAMPTON,INITIAL HEARING,7/29/2009,02/03/10,25," $ 2,000.00 ",,,,,
61,WAL MART SUPERCENTER #1687,16153,1200 N MAIN STREET,SUFFOLK,VA,23434,UNDER AGED BUYER,1,N,HAMPTON,CONSENT SETTLEMENT,6/3/2009,07/29/09,," $ 2,000.00 ",,,,,
827,FOOD LION 958,9792,2815 GODWIN BLVD,SUFFOLK,VA,23434,UNDER AGED BUYER,1,N,HAMPTON,CONSENT SETTLEMENT,3/19/2010,05/05/10,," $ 2,000.00 ",,,,,
588,COGAN'S PIZZA,39663,"5860 HARBOR VIEW BLVD., STE A8",SUFFOLK,VA,23435,"CONSUMPTION IN OTHER THAN AUTHORIZED AREAS, ALLOWED CONSUMPTION BY INTOXICATED, SOLD TO INTOXICATED",3,N,HAMPTON,INITIAL HEARING,5/17/2009,02/03/10,20," $ 1,700.00 ",,,,Y,"CHG, 1 DISMISSED"
463,KOO ASIAN BISTRO & BAR,52685,"5860 HARBOUR VIEW BLVD, STE A4",SUFFLOK,VA,23435,UNDER AGED BUYER,1,N,HAMPTON,CONSENT SETTLEMENT,10/15/2009,01/04/10,," $ 2,000.00 ",,,,,
818,THE GREEN OAK PUB,160,2253 WEST GREAT NECK RD,VIRGINIA BEACH,VA,23451,ALLOWED CONSUMPTION 2 PERSONS< 21,1,N,CHESAPEAKE,INITIAL HEARING,9/25/2009,05/10/10,20," $ 1,750.00 ",,,,,
24,7 ELEVEN STORE 2514 18184H,16827,2256 RED TIDE ROAD,VIRGINIA BEACH,VA,23451,UNDER AGED BUYER,1,N,CHESAPEAKE,CONSENT SETTLEMENT,6/10/2009,07/17/09,," $ 2,000.00 ",,,,,
63,CIRCLE D FOOD MART #5,55577,971 VIRGINIA BEACH BLVD,VIRGINIA BEACH,VA,23451,UNDER AGED BUYER,1,N,CHESAPEAKE,CONSENT SETTLEMENT,6/2/2009,07/29/09,," $ 2,000.00 ",,,,,
86,OCEAN FOOD MART,74160,1110 ATLANTIC AVENUE #A,VIRGINIA BEACH,VA,23451,UNDER AGED BUYER,1,N,CHESAPEAKE,CONSENT SETTLEMENT,5/30/2009,08/05/09,," $ 2,000.00 ",,,,,
161,KOKOAMOS ISLAND BAR GRILLE & YACHT CLUB,6186,2100 MARINA SHORES DRIVE,VIRGINIA BEACH,VA,23451,UNDER AGED BUYER,1,N,CHESAPEAKE,OFFER-IN-COMPROMISE,6/10/2009,08/20/09,," $ 1,500.00 ",,,,,
194,CROCS,50692,650 19TH STREET,VIRGINIA BEACH,VA,23451,UNDER AGED BUYER,1,N,CHESAPEAKE,OFFER-IN-COMPROMISE,5/30/2009,08/31/09,," $ 1,500.00 ",,,,,
568,CVS PHARMACY #8226,61201,1688 LASKIN ROAD,VIRGINIA BEACH,VA,23451,UNDER AGED BUYER,1,N,CHESAPEAKE,CONSENT SETTLEMENT,12/11/2009,02/08/10,," $ 2,000.00 ",,,,,
751,VIRGINIA BEACH RESORT HOTEL&CONFERENCE CENTER,28088,2800 SHORE DRIVE,VIRGINIA BEACH,VA,23451,UNDER AGED BUYER,1,N,CHESAPEAKE,INITIAL HEARING,8/7/2009,04/08/10,25," $ 2,000.00 ",,,,,
786,TADS DELI,32758,600 NORFOLK AVE,VIRGINIA BEACH,VA,23451,UNDER AGED BUYER,1,N,CHESAPEAKE,CONSENT SETTLEMENT,3/10/2010,04/23/10,25,,,,,,
887,SUNSATIONS,56715,2500 ATLANTIC AVENUE,VIRGINIA BEACH,VA,23451,UNDER AGED BUYER,1,N,CHESAPEAKE,OFFER-IN-COMPROMISE,4/9/2010,06/08/10,0," $ 1,500.00 ",,,,,
562,CHEESEBURGER IN PARADISE,40633,739 LYNNHAVE PKWY,VIRGINIA BEACH,VA,23452,UNDER AGED BUYER,1,N,CHESAPEAKE,CONSENT SETTLEMENT,11/5/2009,02/08/10,," $ 2,000.00 ",,,,,
601,7 ELEVEN STORE 2514,27283,3564 HOLLAND ROAD,VIRGINIA BEACH,VA,23452,UNDER AGED BUYER,1,N,CHESAPEAKE,CONSENT SETTLEMENT,12/15/2009,02/16/10,," $ 2,000.00 ",,,,,
602,TOBACCO ROAD,55157,"3601 HOLLAND ROAD, STE 913",VIRGINIA BEACH,VA,23452,UNDER AGED BUYER,1,N,CHESAPEAKE,CONSENT SETTLEMENT,12/15/2009,02/16/10,25,,,,,,
603,ALL ISLAND GROCERY,45310,"3420 HOLLAND ROAD, STE 109",VIRGINIA BEACH,VA,23452,UNDER AGED BUYER,1,N,CHESAPEAKE,CONSENT SETTLEMENT,12/15/2009,02/16/10,25,,,,,,
176,DE RICAN CAFÉ INC,40009,"3208 HOLLAND ROAD, STE 105",VIRGINIA BEACH,VA,23453,UNDER AGED BUYER,1,N,CHESAPEAKE,INITIAL HEARING,12/6/2008,08/28/09,25," $ 2,000.00 ",,,,,
387,COZUMEL RESTAURANTE & CANTINA,34775,"1479 GENERAL BOOTH BLVD, STE 110",VIRGINIA BEACH,VA,23454,CONSUMPTION OF A.B. BY A PERSON LESS THEN 21 YEARS OF AGE,1,N,CHESAPEAKE,OFFER-IN-COMPROMISE,7/30/2009,12/01/09,," $ 1,500.00 ",,,,,
342,SCHLOTZSKYS,54328,"2201 UPTON DRIVE, STE 908",VIRGINIA BEACH,VA,23454,UNDER AGED BUYER,1,N,CHESAPEAKE,CONSENT SETTLEMENT,8/11/2009,11/09/09,25,,,,,,
343,KMART #3976,241,1650 GENERAL BOOTH BLVD,VIRGINIA BEACH,VA,23454,UNDER AGED BUYER,1,N,CHESAPEAKE,CONSENT SETTLEMENT,8/11/2009,11/09/09,25,,,,,,
596,YAMATO STEAK HOUSE,36499,1340 N GREAT NECK ROAD,VIRGINIA BEACH,VA,23454,UNDER AGED BUYER,1,N,CHESAPEAKE,OFFER-IN-COMPROMISE,12/11/2009,02/11/10,15,,,,,,
800,YAMA SUSHI BAR,40573,1485 GENERAL BOOTH BLVD STE 107,VIRGINIA BEACH,VA,23454,UNDER AGED BUYER,1,N,CHESAPEAKE,CONSENT SETTLEMENT,3/10/2010,05/03/10,," $ 2,000.00 ",,,,,
550,FOOD EAGLE,75320,2021 INDEPENDENCE BLVD,VIRGINIA BEACH,VA,23455,"UAB, DESIGNATED MANAGER NOT ON DUTY",2,N,CHESAPEAKE,CONSENT SETTLEMENT,11/3/2009,02/04/10,," $ 2,500.00 ",,,,,
798,TEXAS STEAKHOUSE & SALOON,16901,2052 LYNNHAVEN PKWY,VIRGINIA BEACH,VA,23456,UNDER AGED BUYER,1,N,CHESAPEAKE,CONSENT SETTLEMENT,3/5/2010,04/28/10,," $ 2,000.00 ",,,,,
847,FRESH WORLD,56195,2029 LYNNHAVEN PKWY,VIRGINIA BEACH,VA,23456,UNDER AGED BUYER,1,N,CHESAPEAKE,CONSENT SETTLEMENT,3/5/2010,05/17/10,25,,,,,,
404,EL GRAN RODEO RESTAURANTE MEXICANO,10372,5265 PRINCESS ANNE ROAD,VIRGINIA BEACH,VA,23462,"CONSUMPTION OF A.B. BY A PERSON LESS THAN 21 YOA, CONSUMTION OF A.B. BY 4 INTOX PERSONS, EMPLOYEE CONSUMING A.B. WHILE ON DUTY, DESIGNATED MANAGER NOT POSTED",4,N,CHESAPEAKE,INITIAL HEARING,8/7/2008,12/08/09,30," $ 6,500.00 ",10,,,Y,"CH 3-DISMISSED, CHS 1,2 & 4-PENALTY"
80,TAJ BAZAR,49147,"5444 VIRGINIA BEACH BVLD, STE 105-106",VIRGINIA BEACH,VA,23462,UNDER AGED BUYER,1,N,CHESAPEAKE,CONSENT SETTLEMENT,6/2/2009,08/05/09,25,,,,,,
158,ZUSHI,39634,4540 MAIN STREET,VIRGINIA BEACH,VA,23462,UNDER AGED BUYER,1,N,CHESAPEAKE,OFFER-IN-COMPROMISE,5/28/2009,08/20/09,," $ 1,500.00 ",,,,,
179,PRIMO PIZZA,53555,4876 PRINCESS ANNE ROAD #113,VIRGINIA BEACH,VA,23462,UNDER AGED BUYER,1,N,CHESAPEAKE,INITIAL HEARING,11/3/2008,08/28/09,20," $ 1,750.00 ",,,,,
329,HILTON GARDEN INN VIRGINIA BEACH TOWN CTR,29137,252 TOWN CENTER DRIVE,VIRGINIA BEACH,VA,23462,UNDER AGED BUYER,1,N,CHESAPEAKE,CONSENT SETTLEMENT,8/7/2009,11/09/09,," $ 2,000.00 ",,,,,
670,MINI MART,55346,601 NEWTOWN RD,VIRGINIA BEACH,VA,23462,UNDER AGED BUYER,1,N,CHESAPEAKE,CONSENT SETTLEMENT,1/29/2010,03/03/10,," $ 2,000.00 ",,,,,
799,7 ELEVEN STORE 2514 26670 H,41491,4750 BAXTER RD,VIRGINIA BEACH,VA,23462,UNDER AGED BUYER,1,N,CHESAPEAKE,CONSENT SETTLEMENT,3/6/2010,04/28/10,," $ 2,000.00 ",,,,,
812,SOUTH MILITARY CITGO,33156,841 SOUTH MILITARY HWY.,VIRGINIA BEACH,VA,23464,UAB AND FAILED TO HAVE DESIGNATED MGR. PRESENT,2,N,CHESAPEAKE,APPEAL HEARING,6/9/2009,05/03/10,25," $ 2,500.00 ",,,,,
59,KANGAROO EXPRESS #3702,39970,1146 N MILITARY HWY,NORFOLK,VA,23502,UNDER AGED BUYER,1,N,CHESAPEAKE,CONSENT SETTLEMENT,5/17/2009,07/29/09,," $ 2,000.00 ",,,,,
100,THE OLIVE GARDEN RESTAURANT 161,49998,5920 E VIRGINIA BEACH BLVD,NORFOLK,VA,23502,UNDER AGED BUYER,1,N,CHESAPEAKE,CONSENT SETTLEMENT,5/22/2009,08/05/09,," $ 2,000.00 ",,,,,
149,THE CLUBHOUSE,73476,1527 AZALEA GARDEN ROAD,NORFOLK,VA,23502,UNDER AGED BUYER,1,N,CHESAPEAKE,CONSENT SETTLEMENT,6/11/2009,08/20/09,," $ 2,000.00 ",,,,,
587,MI HOGAR MEXICAN RESTAURANT,19506,471 N MILITARY HWY,NORFOLK,VA,23502,UNDER AGED BUYER,1,N,CHESAPEAKE,INITIAL HEARING,5/22/2009,02/03/10,25," $ 2,000.00 ",,,,,
84,ROYAL GARDEN CHINESE RESTAURANT,36447,155 W OCEAN VIEW AVENUE,NORFOLK,VA,23503,UNDER AGED BUYER,1,N,CHESAPEAKE,CONSENT SETTLEMENT,6/8/2009,08/05/09,25,,,,,,
88,FARM FRESH SUPERMARKET 246,78210,179 W OCEAN VIEW AVENUE,NORFOLK,VA,23503,UNDER AGED BUYER,1,N,CHESAPEAKE,CONSENT SETTLEMENT,5/17/2009,08/05/09,," $ 2,000.00 ",,,,,
196,SUNSET GRILL,29989,1525 BAYVILLE STREET,NORFOLK,VA,23503,UNDER AGED BUYER,1,N,CHESAPEAKE,CONSENT SETTLEMENT,6/16/2009,09/01/09,," $ 2,000.00 ",,,,,
806,CAPEVIEW FOOD MART,44081,1881 E OCEAN VIEW AVE,NORFOLK,VA,23503,UNDER AGED BUYER,1,N,CHESAPEAKE,INITIAL HEARING,12/3/2009,04/29/10,,,,,,,TERMINATED; CHARGES WITHDRAWN
909,FARM FRESH SUPERMARKET 246,78210,179 W OCEAN VIEW AVENUE,NORFOLK,VA,23503,UNDER AGED BUYER,1,Y,CHESAPEAKE,OFFER-IN-COMPROMISE,12/3/2009,06/16/10, ," $ 4,500.00 ",3,,,,OFFER AT APPEAL HEARING ACCEPTED
92,RUBY TUESDAY,45821,8305 HAMPTON BLVD,NORFOLK,VA,23505,UNDER AGED BUYER,1,N,CHESAPEAKE,CONSENT SETTLEMENT,6/3/2009,08/05/09,," $ 2,000.00 ",,,,,
539,EXPRESS FOOD MART,19048,1220 W LITTLE CREEK ROAD,NORFOLK,VA,23505,UNDER AGED BUYER,1,N,CHESAPEAKE,OFFER-IN-COMPROMISE,11/6/2009,02/01/10,," $ 1,500.00 ",,,,,
623,KROGER # 536,10807,205 E LITTLE CREEK ROAD,NORFOLK,VA,23505,UNDER AGED BUYER,1,N,CHESAPEAKE,CONSENT SETTLEMENT,12/3/2009,02/24/10,," $ 2,000.00 ",,,,,
175,7 ELEVEN STORE 2511 19345 H,20512,4720 HAMPTON BLVD,NORFOLK,VA,23508,UNDER AGED BUYER,1,Y,CHESAPEAKE,INITIAL HEARING,2/27/2009,08/27/09,30," $ 2,500.00 ",7,,,,
178,ROYAL MINI MART,38654,3317 COLLEY AVENUE,NORFOLK,VA,23508,UNDER AGED BUYER,1,N,CHESAPEAKE,INITIAL HEARING,12/12/2008,08/28/09,25," $ 2,000.00 ",,,,,
415,CHICHOS,26876,"4820 HAMPTON BLVD, STE 3",NORFOLK,VA,23508,UNDER AGED BUYER,1,Y,CHESAPEAKE,OFFER-IN-COMPROMISE,5/22/2009,12/15/09,," $ 4,000.00 ",3,,,,
586,ONE STOP FOOD MART #55,18824,2628 TIDEWATER DRIVE,NORFOLK,VA,23509,UNDER AGED BUYER,1,Y,CHESAPEAKE,INITIAL HEARING,5/17/2009,02/03/10,30," $ 2,500.00 ",7,,,,
621,TIDEWATER SHELL #410,32730,3537 TIDEWATER DRIVE,NORFOLK,VA,23509,UNDER AGED BUYER,1,N,CHESAPEAKE,CONSENT SETTLEMENT,12/3/2009,02/24/10,," $ 2,000.00 ",,,,,
109,HOOTER AND DOLL FINS,76768,333 WATERSIDE DRIVE,NORFOLK,VA,23510,UNDER AGED BUYER,1,N,CHESAPEAKE,CONSENT SETTLEMENT,6/3/2009,08/05/09,," $ 2,000.00 ",,,,,
457,TINEE GIANT,55183,2863 EARLY STREET,NORFOLK,VA,23513,UNDER AGED BUYER,1,N,CHESAPEAKE,CONSENT SETTLEMENT,11/6/2009,01/04/10,," $ 2,000.00 ",,,,,
103,AIRPORT SHELL,56494,2750 N MILITARY HWY,NORFOLK,VA,23518,UNDER AGED BUYER,1,N,CHESAPEAKE,CONSENT SETTLEMENT,5/17/2009,08/05/09,," $ 2,000.00 ",,,,,
622,HOLLIDAY FOOD MART,55390,8338 TIDEWATER DRIVE,NORFOLK,VA,23518,UNDER AGED BUYER,1,N,CHESAPEAKE,CONSENT SETTLEMENT,12/3/2009,02/24/10,," $ 2,000.00 ",,,,,
632,7 ELVEN STORE 2511 23345 H,31471,800 E LITTLE CREEK ROAD,NORFOLK,VA,23518,UNDER AGED BUYER,1,N,CHESAPEAKE,CONSENT SETTLEMENT,12/3/2009,02/24/10,," $ 2,000.00 ",,,,,
863,VA 539 TEXACO CORNER MART,33441,7900 CHESAPEAKE BLVD,NORFOLK,VA,23518,UNDER AGED BUYER,1,N,CHESAPEAKE,INITIAL HEARING,12/3/2009,05/21/10,25," $ 2,000.00 ",,,,,
316,TINEE GIANT,41412,11054 WARWICK BLVD,NEWPORT NEWS,VA,23601,UNDER AGED BUYER,1,N,HAMPTON,APPEAL HEARING,12/17/2008,11/04/09,25," $ 1,500.00 ",,,,,
319,HILTON BP,54061,10700 WARWICK BLVD,NEWPORT NEWS,VA,23601,UNDER AGED BUYER,1,N,HAMPTON,APPEAL HEARING,1/29/2009,11/04/09,25," $ 2,000.00 ",,,,,
932,NARA OF JAPAN,45052,10608 WARWICK BLVD,NEWPORT NEWS,VA,23601,UNDER AGED BUYER,1,N,HAMPTON,OFFER-IN-COMPROMISE,3/16/2010,06/25/10,," $ 1,000.00 ",,,,,
68,NEWPORT SQUARE BP,38536,834 J CLYDE MORRIS BLVD,NEWPORT NEWS,VA,23601,UNDER AGED BUYER 2 COUNTS,2,Y,HAMPTON,INITIAL HEARING,12/17/2008,08/03/09,,,,,,Y,DISMISSED
60,WAL MART SUPERCENTER #1773,16156,12401 JEFFERSON AVENUE,NEWPORT NEWS,VA,23602,UNDER AGED BUYER,1,N,HAMPTON,CONSENT SETTLEMENT,6/2/2009,07/29/09,," $ 2,000.00 ",,,,,
98,MILLER MART 40,70023,12445 JEFFERSON AVENUE,NEWPORT NEWS,VA,23602,UNDER AGED BUYER,1,N,HAMPTON,CONSENT SETTLEMENT,6/2/2009,08/05/09,," $ 2,000.00 ",,,,,
405,OBELISK BILLIARD CLUB,49486,"14346 WARWICK BLVD, STE 348",NEWPORT NEWS,VA,23602,UNDER AGED BUYER,1,Y,HAMPTON,INITIAL HEARING,6/4/2009,12/08/09,30," $ 2,500.00 ",7,,,,
657,7 ELEVEN STORE 2516 18683 H,18943,16930 WARWICK BLVD,NEWPORT NEWS,VA,23603,UNDER AGED BUYER,1,Y,HAMPTON,OFFER-IN-COMPROMISE,11/10/2009,03/03/10,,"$5,000.00",,,,,
69,7 ELEVEN STORE 2516 10843,374,12430 WARWICK BLVD,NEWPORT NEWS,VA,23606,UNDER AGED BUYER,1,Y,HAMPTON,INITIAL HEARING,8/29/2008,08/03/09,,,,,,Y,DISMISSED
849,NEWPORT NEWS MARRIOTT AT CITY CENTER,43249,740 TOWN CENTER DR,NEWPORT NEWS,VA,23606,UNDER AGED BUYER,1,N,HAMPTON,CONSENT SETTLEMENT,3/16/2010,05/17/10,," $ 2,000.00 ",,,,,
836,7 ELEVEN STORE 2516 10863 H,8761,7101 WARWICK BLVD,NEWPORT NEWS,VA,23607,UNDER AGED BUYER,1,Y,HAMPTON,OFFER-IN-COMPROMISE,3/16/2010,04/30/10,," $ 5,000.00 ",,,,,
85,RICHNECK MP INTERNATIONAL GROCERY,12023,203 RICHNECK ROAD,NEWPORT NEWS,VA,23608,UNDER AGED BUYER,1,N,HAMPTON,CONSENT SETTLEMENT,6/2/2009,08/05/09,25,,,,,,
460,FOOD LION 457,9699,15435 WARWICK BLVD,NEWPORT NEWS,VA,23608,UNDER AGED BUYER,1,N,HAMPTON,CONSENT SETTLEMENT,11/10/2009,01/04/10,," $ 2,000.00 ",,,,,
89,FOOD LION 1598,11536,316 OYSTER POINT ROAD,NEWPORT NEWS,VA,23620,UNDER AGED BUYER,1,N,HAMPTON,CONSENT SETTLEMENT,6/4/2009,08/05/09,," $ 2,000.00 ",,,,,
108,BEACH MARKET,33663,207 BEACH ROAD,HAMPTON,VA,23664,UNDER AGED BUYER,1,N,HAMPTON,CONSENT SETTLEMENT,6/8/2009,08/05/09,," $ 2,000.00 ",,,,,
141,BOTTOM DOLLAR FOOD #2920,9701,85 COLISEUM CROSSING,HAMPTON,VA,23666,UNDER AGED BUYER,1,Y,HAMPTON,OFFER-IN-COMPROMISE,3/24/2009,08/14/09,," $ 5,000.00 ",3,,,,
521,THE GRILLE,50979,320A BUTLER FARM ROAD,HAMPTON,VA,23666,UNDER AGED BUYER,1,N,HAMPTON,INITIAL HEARING,6/8/2009,01/20/10,25," $ 2,000.00 ",,,,,
871,VITOS PIZZA & ITALIAN RESTAURANT,60207,905 ABERDEEN RD,HAMPTON,VA,23666,UNDER AGED BUYER,1,N,HAMPTON,CONSENT SETTLEMENT,4/22/2010,06/03/10,25,,,,,,
884,NASCAR SPORTS GRILL.LUCKIES DUELING PIANOS,38225,1990 POWER PLANT PKWY,HAMPTON,VA,23666,UNDER AGED BUYER,1,N,HAMPTON,OFFER-IN-COMPROMISE,4/22/2010,06/08/10,0," $ 1,500.00 ",,,,,EMPLOYEES TO TAKE RSVP TRAINING-MANAGRS TO TAKE MART
931,RED LOBSTER RESTAURANT 417,41710,1046 W. MERCURY BLVD.,HAMPTON,VA,23666,UNDER AGED BUYER,1,Y,HAMPTON,OFFER-IN-COMPROMISE,4/22/2010,06/25/10,," $ 4,500.00 ",,,,,
94,W&W MARKET,49683,930 W PEMBROKE AVENUE,HAMPTON,VA,23669,UNDER AGED BUYER,1,N,HAMPTON,CONSENT SETTLEMENT,6/8/2009,08/05/09,," $ 2,000.00 ",,,,,
104,7 ELEVEN STORE 2516 22246H,31849,3800 SHELL ROAD,HAMPTON,VA,23669,UNDER AGED BUYER,1,N,HAMPTON,CONSENT SETTLEMENT,6/8/2009,08/05/09,," $ 2,000.00 ",,,,,
166,PIER 21,52362,700 SETTLERS LANDING ROAD,HAMPTON,VA,23669,UNDER AGED BUYER,1,N,HAMPTON,CONSENT SETTLEMENT,6/8/2009,08/24/09,," $ 2,000.00 ",,,,,
868,MARKER 20,22235,21 E QUEENS WAY,HAMPTON,VA,23669,UNDER AGED BUYER,1,N,HAMPTON,CONSENT SETTLEMENT,4/22/2010,06/02/10,," $ 2,000.00 ",,,,,
25,COMMUNITY MART,38222,2210A OLD WILLIAMSBURG ROAD,YORKTOWN,VA,23690,UNDER AGED BUYER,1,N,HAMPTON,CONSENT SETTLEMENT,1/30/2009,07/17/09,," $ 2,000.00 ",,,,,
362,SUPER SHIN,54713,3962 GEORGE WASHINGTON MEM HWY,YORKTOWN,VA,23692,UNDER AGED BUYER,1,N,HAMPTON,CONSENT SETTLEMENT,8/25/2009,11/24/09,," $ 2,000.00 ",,,,,
797,AMF YORK LANES #250,77726,4200 GEORGE WASHINGTON MEM HWY,YORKTOWN,VA,23692,UNDER AGED BUYER,1,N,HAMPTON,CONSENT SETTLEMENT,3/15/2010,04/28/10,," $ 2,000.00 ",,,,,
452,VALLEY FOOD STORE 75213,75213,3333 PORTSMOUTH BLVD,PORTSMOUTH,VA,23701,UNDER AGED BUYER,1,N,CHESAPEAKE,CONSENT SETTLEMENT,10/8/2009,01/04/10,," $ 2,000.00 ",,,,,
559,SUNOCO MART,47805,2910 VICTORY BLVD,PORTSMOUTH,VA,23702,UNDER AGED BUYER,1,N,CHESAPEAKE,CONSENT SETTLEMENT,10/8/2009,02/08/10,," $ 2,000.00 ",,,,,
183,KANGS AMOCO,73321,2600 FREDERICK BLVD,PORTSMOUTH,VA,23704,UNDER AGED BUYER,1,Y,CHESAPEAKE,APPEAL HEARING,12/10/2008,08/28/09,30," $ 3,000.00 ",5,,,,
608,AMORE CASUAL ITALIAN,45839,606 HIGH STREET,PORTSMOUTH,VA,23704,UNDER AGED BUYER,1,N,CHESAPEAKE,CONSENT SETTLEMENT,10/8/2009,02/18/10,," $ 2,000.00 ",,,,,
12,STOVE,43765,2622 DETROIT STREET,PORTSMOUTH,VA,23707,UNDER AGED BUYER,1,N,CHESAPEAKE,CONSENT SETTLEMENT,12-12-008,07/06/09,,"$2,000.00",,,,,
732,MID CITY FOOD MART,51316,3111 TURNPIKE RD,PORTSMOUTH,VA,23707,UNDER AGED BUYER,1,N,CHESAPEAKE,CONSENT SETTLEMENT,2/17/2010,03/29/10,25,,,,,,
9,MY WAY RESTAURANT,49369,2870 COUNTY DRIVE,PETERSBURG,VA,23803,UNDER AGED BUYER,1,N,RICHMOND,CONSENT SETTLEMENT,5/1/2009,07/06/09,," $ 2,000.00 ",,,,,
151,RAMADA PLAZA,3308,380 E WASHINGTON STREET,PETERSBURG,VA,23803,UNDER AGED BUYER,1,N,RICHMOND,CONSENT SETTLEMENT,6/25/2009,08/20/09,," $ 2,000.00 ",,,,,
546,DINWIDDIE SHELL,52368,23822 AIRPORT STREET,PETERSBURG,VA,23803,UNDER AGED BUYER,1,N,RICHMOND,CONSENT SETTLEMENT,10/7/2009,02/04/10,25,,,,,,
747,ANDRADES INTERNATIONAL RESTAURANT,42595,7 BOLLINGBROOK STREET,PETERSBURG,VA,23803,UNDER AGED BUYER,1,Y,RICHMOND,APPEAL HEARING,9/23/2009,04/08/10,30," $ 3,000.00 ",3,,, ,3-DAY SUSPENSION/MON. - THUR.
217,TWINS EXPRESS,2007,2755 S CRATER ROAD,PETERSBURG,VA,23805,UNDER AGED BUYER,1,Y,RICHMOND,INITIAL HEARING,5/1/2009,09/04/09,30," $ 3,000.00 ",10,,,,
675,COLONIAL DOWNS FOOD & BEVERAGE,41001,24 COLONIAL DOWNS PL,ALBERTA,VA,23821,UNDER AGED BUYER,1,N,RICHMOND,INITIAL HEARING,5/29/2009,03/03/10,,,,,,Y,DISMISSED
557,UPPYS XXXVII,42030,2421 W HUNDRED ROAD,CHESTER,VA,23831,UNDER AGED BUYER,1,N,RICHMOND,CONSENT SETTLEMENT,11/21/2009,02/08/10,," $ 2,000.00 ",,,,,
571,CHESTER EZ MART,57239,4300 W HUNDRED ROAD,CHESTER,VA,23831,UNDER AGED BUYER,1,N,RICHMOND,CONSENT SETTLEMENT,11/21/2009,02/11/10,," $ 2,000.00 ",,,,,
694,WAWA #670,10905,11021 IRON BRIDGE ROAD,CHESTER,VA,23831,UNDER AGED BUYER,1,Y,RICHMOND,OFFER-IN-COMPROMISE,12/28/2009,03/15/10,," $ 5,000.00 ",,,,,
714,IN & OUT CONVENIENT STORE,57600,11936C CENTRE ST,CHESTER,VA,23831,UNDER AGED BUYER,1,N,RICHMOND,CONSENT SETTLEMENT,1/9/2010,03/24/10,," $ 2,000.00 ",,,,,
39,COLONIAL ITALIAN RESTAURANT AND PIZZA,43538,1 DUNLAP VILLAGE SHOPPING CTR,COLONIAL HEIGHTS,VA,23834,UNDER AGED BUYER,1,N,RICHMOND,APPEAL HEARING,9/23/2008,07/21/09,20," $ 1,500.00 ",,,,,
477,LA TAPATIA,42796,17210 JEFFERSON DAVIS HWY,COLONIAL HEIGHTS,VA,23834,UNDER AGED BUYER,1,N,RICHMOND,CONSENT SETTLEMENT,9/19/2009,01/04/10,25,,,,,,
641,BOULEVARD FLOWER GARDENS AT RUFFIN MILL,47189,2100 RUFFIN MILL ROAD,COLONIAL HEIGHTS,VA,23834,UNDER AGED BUYER,1,N,RICHMOND,CONSENT SETTLEMENT,12/5/2009,02/24/10,," $ 2,000.00 ",,,,,
764,KANGAROO EXPRESS # 3109,3143,891 TEMPLE AVE,COLONIAL HEIGHTS,VA,23834,UNDER AGED BUYER,1,N,RICHMOND,CONSENT SETTLEMENT,1/12/2010,04/12/10,," $ 2,000.00 ",,,,,
287,APPLEBEES NEIGHBORHOOD GRILL & BAR,50388,449 SOUTHPARK CIRCLE,COLONIAL HEIGHTS,VA,23834,"UAB, CONSUMPTION OF A.B. BY INTOX PERSON",2,N,RICHMOND,INITIAL HEARING,9/14/2008,10/23/09,,,,,,Y,DISMISSED
349,NARITA JAPANESE RESTAURANT & SUSHI BAR,11528,13115 RIVERS BEND BLVD,CHESTER,VA,23836,UNDER AGED BUYER,1,Y,RICHMOND,INITIAL HEARING,3/20/2009,11/13/09,30," $ 3,000.00 ",10,,,,
357,DON JOSE MEXICAN RESTAURANT,43072,2102 W HUNDRED ROAD,CHESTER,VA,23836,UNDER AGED BUYER,1,N,RICHMOND,CONSENT SETTLEMENT,9/19/2009,11/24/09,," $ 2,000.00 ",,,,,
609,7 ELEVEN STORE 2516 16833 H,283,1000 E HUNDRED ROAD,CHESTER,VA,23836,UNDER AGED BUYER,1,N,RICHMOND,CONSENT SETTLEMENT,11/21/2009,02/18/10,," $ 2,000.00 ",,,,,
556,BROTHERS MILLER MART,44789,930 COUSINS AVENUE,HOPEWELL,VA,23860,UNDER AGED BUYER,1,N,RICHMOND,CONSENT SETTLEMENT,12/5/2009,02/08/10,," $ 2,000.00 ",,,,,
700,COMFORT INN OF HOPEWELL,45411,5380 OAKLAWN BLVD,PRINCE GEORGE,VA,23875,UNDER AGED BUYER,1,N,RICHMOND,OFFER-IN-COMPROMISE,2/2/2010,03/18/10,," $ 1,500.00 ",,,,,
110,SURRY MARKET,50263,11939 ROLFE HWY,SURRY,VA,23883,UNDER AGED BUYER,1,N,HAMPTON,CONSENT SETTLEMENT,6/1/2009,08/05/09,," $ 2,000.00 ",,,,,
67,PLANTATION PEANUTS,50531,509 N COUNTY DRIVE,WAKEFIELD,VA,23888,UNDER AGED BUYER,1,N,HAMPTON,CONSENT SETTLEMENT,6/8/2009,07/29/09,25,,,,,,
90,7 ELEVEN STORE 2511 21335H,26575,103 W MAIN STREET,WAKEFIELD,VA,23888,UNDER AGED BUYER,1,N,HAMPTON,CONSENT SETTLEMENT,6/1/2009,08/05/09,," $ 2,000.00 ",,,,,
401,UPPYS XI,37593,111 COUNTY DRIVE,WAKEFIELD,VA,23888,UNDER AGED BUYER,1,Y,HAMPTON,INITIAL HEARING,6/1/2009,12/08/09,30," $ 3,000.00 ",10,,,,
82,COWLINGS BAR B Q,55822,HWY 460 P.O. BOX 652,WAVERLY,VA,23890,UNDER AGED BUYER,1,N,HAMPTON,CONSENT SETTLEMENT,6/1/2009,08/05/09,25,,,,,,
91,7 ELEVEN STORE 2511 21468H,27061,115 S COUNTY DRIVE,WAVERLY,VA,23890,UNDER AGED BUYER,1,N,HAMPTON,CONSENT SETTLEMENT,6/1/2009,08/05/09,," $ 2,000.00 ",,,,,
467,SHEETZ #395,45939,2016 S MAIN STREET ,FARMVILLE,VA,23901,UNDER AGED BUYER,1,N,LYNCHBURG,CONSENT SETTLEMENT,10/27/2009,01/04/10,," $ 2,000.00 ",,,,,
545,WORSHAM GROCERY,73600,6309 FARMVILLE ROAD,FARMVILLE,VA,23901,UNDER AGED BUYER,1,N,LYNCHBURG,CONSENT SETTLEMENT,10/27/2009,02/04/10,25,,,,,,
578,THIRD AVENUE MARKET,53755,204 E THIRD STREET,FARMVILLE,VA,23901,UNDER AGED BUYER,1,N,LYNCHBURG,OFFER-IN-COMPROMISE,10/8/2009,02/04/10,," $ 1,500.00 ",,,,,
776,MITCHELLS MARKET,50998,2487 CUMBERLAND RD,FARMVILLE,VA,23901,UNDER AGED BUYER,1,N,LYNCHBURG,CONSENT SETTLEMENT,2/27/2010,04/16/10,,"$2,000.00 ",,,,,
130,RED BARN FOOD STORE,27801,157 THOMAS JEFFERSON HWY,CHARLOTTE COURT HOUSE,VA,23923,UNDER AGED BUYER,1,N,LYNCHBURG,CONSENT SETTLEMENT,6/18/2009,08/12/09,," $ 2,000.00 ",,,,,
781,FOOD LION 1576,9914,RR 1 BOX 200,DILLWYN,VA,23936,UNDER AGED BUYER,1,N,LYNCHBURG,CONSENT SETTLEMENT,3/6/2010,04/16/10,,"$2,000.00 ",,,,,
165,FOOD LION #1232,9884,301 GLEN STREET,KEYSVILLE,VA,23947,UNDER AGED BUYER,1,N,LYNCHBURG,CONSENT SETTLEMENT,6/18/2009,08/24/09,," $ 2,000.00 ",,,,,
855,THAI ORCHID RESTAURANT,54576,303 1ST ST SW,ROANOKE,VA,24011,UNDER AGED BUYER,1,N,ROANOKE,CONSENT SETTLEMENT,4/20/2001,05/21/10,25,,,,,,
870,TABLE FIFTY,42306,309 MARKET ST SE,ROANOKE,VA,24011,UNDER AGED BUYER,1,N,ROANOKE,CONSENT SETTLEMENT,4/20/2010,06/02/10,," $ 2,000.00 ",,,,,
898,THE BLUES BBQ CO ,46431,107 MARKET ST SE,ROANOKE,VA,24011,UNDER AGED BUYER,1,N,ROANOKE,INITIAL HEARING,12/7/2009,06/10/10,25," $ 2,000.00 ",,,,,
338,THE FILLIN STATION,51682,2217 WILLIAMSON ROAD NE,ROANOKE,VA,24012,UNDER AGED BUYER,1,N,ROANOKE,CONSENT SETTLEMENT,8/10/2009,11/09/09,," $ 2,000.00 ",,,,,
456,ONE STOP MARKET #1,5954,2223 WILLIAMSON ROAD NE,ROANOKE,VA,24012,UNDER AGED BUYER,1,N,ROANOKE,CONSENT SETTLEMENT,11/2/2009,01/04/10,," $ 2,000.00 ",,,,,
515,ONE STOP MARKET #1,5954,2223 WILLIAMSON ROAD NE,ROANOKE,VA,24012,UNDER AGED BUYER,1,N,ROANOKE,INITIAL HEARING,5/14/2009,01/20/10,25," $ 2,000.00 ",,,,,
814,SUNOCO FAST STOP,47791,3745 CHALLENGER AVE,ROANOKE,VA,24012,UNDER AGED BUYER,1,N,ROANOKE,INITIAL HEARING,5/21/2009,05/10/10,25," $ 2,500.00 ",,,,,
857,P N  N MARKET 97,26597,"1650 HERSHBERGER RD, NW",ROANOKE,VA,24012,UNDER AGED BUYER,1,Y,ROANOKE,INITIAL HEARING,12/7/2009,05/21/10,25," $ 2,000.00 ",,,,,
862,WORLDWIDE FOOD MARKET,57703,5623 WILLIAMSON RD,ROANOKE,VA,24012,UNDER AGED BUYER,1,N,ROANOKE,INITIAL HEARING,11/2/2009,05/21/10,25," $ 2,000.00 ",,,,,
374,KABUKI JAPANESE STEAKHOUSE,34513,3503 FRANKLIN ROAD SW,ROANOKE,VA,24014,UNDER AGED BUYER,1,N,ROANOKE,CONSENT SETTLEMENT,9/14/2009,11/24/09,," $ 2,000.00 ",,,,,
934,THE LIBRARY RESTAURANT,13850,3117 FRANKLIN ROAD SW,ROANOKE,VA,24014,UNDER AGED BUYER,1,N,ROANOKE,OFFER-IN-COMPROMISE,4/28/2010,06/25/10,," $ 1,000.00 ",,,,,
340,TAIPEI RESTAURANT,77707,4115 MELROSE AVENUE NW,ROANOKE,VA,24017,UNDER AGED BUYER,1,N,ROANOKE,CONSENT SETTLEMENT,8/14/2009,11/09/09,25,,,,,,
335,FOOD LION 1382 ,9857,6619 WILLIAMSON ROAD,ROANOKE,VA,24019,UNDER AGED BUYER,1,N,ROANOKE,CONSENT SETTLEMENT,8/10/2009,11/09/09,," $ 2,000.00 ",,,,,
752,HARBOR INN SEAFOOD,72980,7416 WILLIAMSON RD,ROANOKE,VA,24019,UNDER AGED BUYER,1,N,ROANOKE,INITIAL HEARING,9/16/2009,04/08/10,25," $ 2,000.00 ",,,,,
923,QUALITY INN ROANOKE AIRPORT,73715,6626 THIRLANE ROAD,ROANOKE,VA,24019,UNDER AGED BUYER,1,N,ROANOKE,OFFER-IN-COMPROMISE,4/20/2010,06/24/10,," $ 1,500.00 ",,,,,
768,THE HOKIE HOUSE RESTAURANT,59108,322 N MAIN ST,BLACKSBURG,VA,24060,ALLOWED CONSUMPTION < 21,1,Y,ROANOKE,INITIAL HEARING,10/29/2009,04/14/10,15," $ 1,500.00 ",,,,,
353,HUNAN KING,15884,"801 UNIVERSITY CITY BLVD, STE 3",BLACKSBURG,VA,24060,UNDER AGED BUYER,1,N,ROANOKE,CONSENT SETTLEMENT,10/6/2009,11/24/09,25,,,,,,
697,ZEPPOLIS,74893,810 UNIVERSITY CITY BLVD,BLACKSBURG,VA,24060,UNDER AGED BUYER,1,N,ROANOKE,INITIAL HEARING,10/6/2009,03/18/10,20," $ 1,500.00 ",,,,,
918,RIVERWAY STORE,57009,4338 PRICES FORK RD,BLACKSBURG,VA,24060,UNDER AGED BUYER,1,N,ROANOKE,CONSENT SETTLEMENT,5/18/2010,06/21/10,," $ 2,000.00 ",,,,,
721,COPPER TOP RESTAURANT,50204,630 LOWE STREET,BUCHANAN,VA,24066,UNDER AGED BUYER,1,N,ROANOKE,OFFER-IN-COMPROMISE,8/13/2009,03/29/10,, $ 500.00 ,15,,,,
83,YANGS HUNAN HOUSE,17020,2100 ROANOKE STREET,CHRISTIANSBURG,VA,24073,UNDER AGED BUYER,1,N,ROANOKE,CONSENT SETTLEMENT,6/10/2009,08/05/09,25,,,,,,
128,DELI MART 24,59058,900 LUSTERS GATE ROAD,CHRISTIANSBURG,VA,24073,UNDER AGED BUYER,1,N,ROANOKE,CONSENT SETTLEMENT,6/5/2009,08/11/09,," $ 2,000.00 ",,,,,
446,EL GRAN RODEO RESTAURANTE MEXICANO,12141,2585 MARKET STREET,CHRISTAINSBURG,VA,24073,UNDER AGED BUYER,1,N,ROANOKE,CONSENT SETTLEMENT,10/6/2009,01/04/10,," $ 2,000.00 ",,,,,
469,JOCO MART,11359,1935 CAMBRIA STREET NE,CHRISTAINSBURG,VA,24073,UNDER AGED BUYER,1,N,ROANOKE,CONSENT SETTLEMENT,9/29/2009,01/04/10,," $ 2,000.00 ",,,,,
709,SUNSET GRILLE AT ASHLEY PLANTATION,38788,919 GREENFIELD STREET,DALEVILLE,VA,24083,UNDER AGED BUYER,1,N,ROANOKE,OFFER-IN-COMPROMISE,10/23/2009,03/19/10,," $ 1,500.00 ",,,,,
713,MAMA D'S ,78051,1661 ROANOKE RD,DALEVILLE,VA,24083,UNDER AGED BUYER,1,N,ROANOKE,CONSENT SETTLEMENT,2/8/2010,03/24/10,," $ 2,000.00 ",,,,,
507,SHOP EEZ,34036,4861 CLEBURNE BLVD,DUBLIN,VA,24084,UNDER AGED BUYER,1,Y,SOUTHWEST,INITIAL HEARING,3/20/2009,01/22/10,30,"$3,000.00",10,,,,
132,TUGGLES GAP MOTEL & RESTAURANT,57413,3351 PARKWAY LANE S,FLOYD,VA,24091,UNDER AGED BUYER,1,N,ROANOKE,CONSENT SETTLEMENT,5/13/2009,08/12/09,," $ 2,000.00 ",,,,,
248,FLOYD XPRESS MARKET,16616,609 E MAIN STREET,FLOYD,VA,24091,UNDER AGED BUYER,1,N,ROANOKE,CONSENT SETTLEMENT,5/13/2009,09/17/09,," $ 2,000.00 ",,,,,
122,CHATAM CITGO,48540,8425 AL PHILPOTT HWY,MARTINSVILLE,VA,24112,UNDER AGED BUYER,1,N,LYNCHBURG,INITIAL HEARING,11/13/2007,08/11/09,15," $ 1,500.00 ",,,,,
503,DRIFT IN SUNOCO,47052,16463 MONETA ROAD,MONETA,VA,24121,UNDER AGED BUYER,1,N,ROANOKE,OFFER-IN-COMPROMISE,10/20/2009,01/22/10,," $ 1,500.00 ",,,,,
719,SHOPRITE,42343,14600 MONETA ROAD,MONETA,VA,24121,UNDER AGED BUYER,1,Y,LYNCHBURG,OFFER-IN-COMPROMISE,10/20/2009,03/26/10,," $ 5,000.00 ",,,,,
882,DRIFT IN SUNOCO,47052,16463 MONETA ROAD,MONETA,VA,24121,UNDER AGED BUYER,1,Y,ROANOKE,OFFER-IN-COMPROMISE,2/3/2010,06/07/10,3," $ 4,500.00 ",,,,,
734,FOOD TIME SHOPPE SMART 95,77531,125 MAIN ST,"NARROWS,",VA,24124,UNDER AGED BUYER,1,N,SOUTHWEST,CONSENT SETTLEMENT,2/3/2010,04/05/10,," $ 2,000.00 ",,,,,
888,EL RANCHERO NO 7 MEXICAN RESTAURANT,48573,165A KINTER WAY,PEARISBURG,VA,24134,UNDER AGED BUYER,1,N,STAUNTON,INITIAL HEARING,2/3/2010,06/10/10,25," $ 2,000.00 ",,,,,
388,COOL BRANCH BAR & GRILL,33883,3585 SMITH MOUNTAIN ROAD,PENHOOK,VA,24137,"CONSUMPTION OF A.B. BY A PERSON LESS THAN 21 YOA, AFTER HOURS SALE OF A.B. ON PREMISES-WINE.BEER LOCALITY, AFTER HOURS CONSUMPTION OF A.B.-WINE/BEER LOCALITY, CONSUMPTION OF A.B. IN AREAS OTHER THAN IN DINING/DESIGNATED AREAS",4,N,LYNCHBURG,INITIAL HEARING,7/26/2009,12/01/09,25," $ 3,000.00 ",,,,,
727,SHARKEYS WING & RIB JOINT,53391,1202 E MAIN ST,RADFORD,VA,24141,UNDER AGED BUYER,1,N,ROANOKE,INITIAL HEARING,11/5/2009,03/30/10,25," $ 2,000.00 ",,,,,
742,SPINNAKERS RESTAURANT,40443,1501 TYLER AVE,RADFORD,VA,24141,UNDER AGED BUYER,1,N,SOUTHWEST,CONSENT SETTLEMENT,2/3/2010,04/05/10,," $ 2,000.00 ",,,,,
899,SALS JR,34869,7401 PEPPERS FERRY BLVD,FAIRLAWN,VA,24141,UNDER AGED BUYER,1,N,SOUTHWEST,INITIAL HEARING,11/5/2009,06/10/10,20," $ 1,750.00 ",,,,,
616,CENTRAL MARKET & DELI,56808,1123 FAIRFAX STREET,RADFORD,VA,24141,UAB x13; DELIVERING W/O DELIVERY PERMIT,14,Y,RICHMOND,INITIAL HEARING,2/4/2009,02/16/10,30," $ 2,500.00 ",15,,,,CH 14 - REVOKED DELIVERY PERMIT; CH 10-13 DISMISSED
475,THE CORNER MARKET,12772,201 VIRGINIA AVENUE,RICH CREEK,VA,24147,UNDER AGED BUYER,1,N,SOUTHWEST,CONSENT SETTLEMENT,11/5/2009,01/04/10,25,,,,,,
8,SHEETZ #329,19493,265 OLD FRANKLIN TPKE,ROCKY MOUNT,VA,24151,UNDER AGED BUYER,1,N,ROANOKE,CONSENT SETTLEMENT,4/22/2009,07/06/09,," $ 2,000.00 ",,,,,
517,APPLE MARKET,31330,200 APPERSON DRIVE,SALEM,VA,24153,UNDER AGED BUYER,1,Y,ROANOKE,OFFER-IN-COMPROMISE,5/14/2009,01/20/10,," $ 4,500.00 ",,,,,
511,WHISTLE STOP,35933,11729 OLD FRANKLIN TPKE,UNION HALL,VA,24176,UNDER AGED BUYER,1,N,ROANOKE,INITIAL HEARING,6/11/2009,01/22/10,25," $ 2,000.00 ",,,,,
486,CHAMBLISSBURG SUPPLY,9951,10625 STEWARTSVILLE ROAD,VINTON,VA,24179,"UAB, DESIGNATED MANAGER NOT ON DUTY",2,N,LYNCHBURG,INITIAL HEARING,1/21/2009,01/13/10,25," $ 2,500.00 ",,,,,
813,SMOKEY'S RESTAURANT & LOUNGE,52345,919 EAST  WASHINGTON AVE.,VINTON,VA,24179,"UAB, KEPT UNAUTHORIZED ABS. (3 CHARGES); FAILED TO KEEP COMPLETE, ACCURATE & SEPARATE RECORDS AND DENIED SPECIAL AGENTS OR OTHE LAW OFFICERS ACCESS",,Y,ROANOKE,APPEAL HEARING,2/4/2009,05/03/10,42," $ 2,750.00 ",3,,,,
753,FRANKS PIZZA,57949,1219 EAST WASHINGTON AVE,VINTON,VA,24179,UAB; EMPLOYEE<18 TO SERVE; PERMITTED PERSON <21 TO BE DESIGNATED MANAGER,3,N,ROANOKE,INITIAL HEARING,9/14/2009,04/08/10,25," $ 2,500.00 ",,,,,1 CHGREDUCED TO WRITTEN WARNING
615,DUDLEY MART AND RESTAURANT,8883,6674 BURNT CHIMNEY RD,WIRTZ,VA,24184,UAB; ALLOWED CONSUMPTION BY INTOXICATED PERSON; ALLOW INTOXICATED PERSON TO LOITER; ALLOWED CONSUMPTION BY EMPLOYEE x2; ALLOWED ILLEGAL GAMBLING,6,Y,RICHMOND,INITIAL HEARING,6/4/2009,02/16/10,45," $ 2,500.00 ",25,,,,
893,CARGO OIL CO ,43813,618 EAST MAIN ST,ABINGDON,VA,24210,UNDER AGED BUYER,1,N,SOUTHWEST,INITIAL HEARING,2/1/2010,06/10/10,30," $ 3,000.00 ",10,,,,
770,ROGERS 66 MART,76834,421 E 5TH ST,BIG STONE GAP,VA,24219,UNDER AGED BUYER,1,N,SOUTHWEST,INITIAL HEARING,10/23/2009,04/14/10,30," $ 3,000.00 ",10,,,,
892,EL CAMPESINO MEXICAN RESTAURANT,30990,791 REGIONAL PARK RD,LEBANON,VA,24266,UNDER AGED BUYER,1,N,SOUTHWEST,INITIAL HEARING,2/1/2010,06/10/10,25," $ 2,000.00 ",,,,,
382,DENNYS STOP & GO,48226,3552 FOSTER FALLS ROAD,BARREN SPRINGS,VA,24313,UNDER AGED BUYER,1,N,SOUTHWEST,INITIAL HEARING,3/20/2009,12/01/09,25," $ 2,000.00 ",,,,,
97,CANA COUNTRY STORE INC,40728,14314 FANCY GAP HWY,CANA,VA,24317,UNDER AGED BUYER,1,N,SOUTHWEST,CONSENT SETTLEMENT,6/17/2009,08/05/09,," $ 2,000.00 ",,,,,
368,EL CAMPESTRE INC,40502,1341 E LEE HWY,CHILHOWIE,VA,24319,UNDER AGED BUYER,1,N,SOUTHWEST,CONSENT SETTLEMENT,9/24/2009,11/24/09,," $ 2,000.00 ",,,,,
890,GREEN HILLS MARKET,55405,1252 WHITETOP ROAD,CHILHOWIE,VA,24319,UNDER AGED BUYER,1,N,SOUTHWEST,INITIAL HEARING,12/10/2009,06/10/10,25," $ 2,000.00 ",,,,,
569,KROGER #192,77973,"544 E STUART DRIVE, STE H",GALAX,VA,24333,UNDER AGED BUYER,1,N,SOUTHWEST,CONSENT SETTLEMENT,12/7/2009,02/08/10,," $ 2,000.00 ",,,,,
637,KANGAROO EXPRESS # 3365,9263,532 E STUART DRIVE,GALAX,VA,24333,UNDER AGED BUYER,1,N,SOUTHWEST,CONSENT SETTLEMENT,12/10/2009,02/24/10,," $ 2,000.00 ",,,,,
372,B & J MART,4733,501 S MONTE VISTA DRIVE,GLADE SPRINGS,VA,24340,UNDER AGED BUYER,1,N,SOUTHWEST,CONSENT SETTLEMENT,9/23/2009,11/24/09,," $ 2,000.00 ",,,,,
125,MACADOS,40695,142 E MAIN STREET,MARION,VA,24354,CONSUMPTION OF A.B. BY A PERSON LESS THAN 21 YOA ,1,N,SOUTHWEST,CONSENT SETTLEMENT,5/19/2009,08/11/09,," $ 2,000.00 ",,,,,
652,MARION MARATHON,33891,611 S MAIN STREET,MARION,VA,24354,UNDER AGED BUYER,1,Y,SOUTHWEST,OFFER-IN-COMPROMISE,11/19/2009,03/01/10,30," $ 2,500.00 ",10,,,,
729,PIZZA HUT ,22192,1038 N MAIN ST,MARION,VA,24354,UNDER AGED BUYER,1,N,SOUTHWEST,CONSENT SETTLEMENT,2/25/2010,03/29/10,25,,,,,,
731,THE TUSCAN ITALIAN GRILL PIZZA & SUBS #2,42226,784 N MAIN ST,MARION,VA,24354,UNDER AGED BUYER,1,N,SOUTHWEST,CONSENT SETTLEMENT,2/25/2010,03/29/10,25,,,,,,
824,FOOD COUNTRY USA OF FORT CHISWELL INC,11908,675 FORT CHISWELL RD,MAX MEADOWS,VA,24360,UNDER AGED BUYER,1,N,SOUTHWEST,CONSENT SETTLEMENT,3/9/2010,05/05/10,," $ 2,000.00 ",,,,,
356,MILLERS MARKET & DELI,39393,29231 LEE HWY,MEADOWVIEW,VA,24361,UNDER AGED BUYER,1,N,SOUTHWEST,CONSENT SETTLEMENT,9/23/2009,11/24/09,25,,,,,,
22,GREENVILLE AVENUE EXXON,9435,137 LEE JACKSON HWY,STAUNTON,VA,24401,UNDER AGED BUYER,1,N,STAUNTON,CONSENT SETTLEMENT,5/15/2009,07/17/09,," $ 2,000.00 ",,,,,
454,WHITEYS ONE STOP MARKET,37011,2710 S CARPENTER DRIVE,COVINGTON,VA,24426,UNDER AGED BUYER,1,N,ROANOKE,CONSENT SETTLEMENT,10/23/2009,01/04/10,," $ 2,000.00 ",,,,,
305,3 B GROCERY,10583,2594 E SIDE HWY,CRIMORA,VA,24431,UNDER AGED BUYER,1,N,STAUNTON,CONSENT SETTLEMENT,9/11/2009,10/27/09,," $ 2,000.00 ",,,,,
537,RUBINOS,56524,3789 SAM SNEAD HWY,HOT SPRINGS,VA,24445,"UAB, QUALIFICATIONS TO RETAIN M.B. LICENSE-""RESTAURANT"", QUALIFICATIONS TO RETAIN WINE OR BEER LICENSE-""RESTAURANT""",3,N,ROANOKE,OFFER-IN-COMPROMISE,10/30/2009,02/01/10,," $ 1,500.00 ",,Y,,,
927,WASHINGTON STREET PURVEYORS,74961,9 E. WASHINGTON STREET,LEXINGTON,VA,24450,UNDER AGED BUYER,1,N,ROANOKE,OFFER-IN-COMPROMISE,4/29/2010,06/25/10,," $ 1,000.00 ",7,,,,
737,THE COMPANY STORE & IRON COMPANY RESTAURANT,48710,100 OLD CHURCH ST,LOW MOOR,VA,24457,UNDER AGED BUYER,1,N,ROANOKE,CONSENT SETTLEMENT,2/8/2010,04/05/10,," $ 2,000.00 ",,,,,
449,MILLBORO GENERAL STORE,32064,197 MAIN STREET,MILLBORO,VA,24460,UNDER AGED BUYER,1,N,ROANOKE,CONSENT SETTLEMENT,10/30/2009,01/04/10,," $ 2,000.00 ",,,,,
614,RACKEM SMACKEM RIBS,38394,385 LEE HWY,VERONA,VA,24482,UNDER AGED BUYER,1,N,STAUNTON,INITIAL HEARING,9/11/2009,02/16/10,15," $ 1,500.00 ",,,,,
16,DENOS FOOD MART 10,50780,3373 LEE HWY,WEYERS CAVE,VA,24486,UNDER AGED BUYER,1,N,STAUNTON,CONSENT SETTLEMENT,5/1/2009,07/06/09,," $ 2,000.00 ",,,,,
5,FOOD LION #2579,32852,13955 WARDS ROAD,LYNCHBURG,VA,24501,UNDER AGED BUYER,1,N,LYNCHBURG,CONSENT SETTLEMENT,4/8/2009,07/06/09,," $ 2,000.00 ",,,,,
295,C & C MINI MART,41416,1518 12TH STREET,LYNCHBURG,VA,24501,UNDER AGED BUYER,1,N,LYNCHBURG,CONSENT SETTLEMENT,8/19/2009,10/27/09,25,,,,,,
189,THEORIGINAL ITALIAN PIZZA,44315,"3412 WATERLICK RD, STE E",LYNCHBURG,VA,24502,UNDER AGED BUYER,1,N,LYNCHBURG,INITIAL HEARING,2/3/2009,08/28/09,,,,,,Y,DISMISSED
386,7 ELEVEN STORE 2531 20425 H,25975,20120 LYNCHBURG HWY,LYNCHBURG,VA,24502,UNDER AGED BUYER,1,Y,LYNCHBURG,OFFER-IN-COMPROMISE,6/25/2009,12/01/09,," $ 2,500.00 ",3,,,,
883,QUIK E FOOD STORE,25799,6001 FORT AVENUE,LYNCHBURG,VA,24502,UNDER AGED BUYER,1,Y,LYNCHBURG,OFFER-IN-COMPROMISE,3/4/2010,06/08/10,0," $ 3,500.00 ",,,,,
99,FOOD LION 1276,9898,2303 BEDFORD AVENUE,LYNCHBURG,VA,24503,UNDER AGED BUYER,1,N,LYNCHBURG,CONSENT SETTLEMENT,2/3/2009,08/05/09,," $ 2,000.00 ",,,,,
318,THE CAVALIER,46052,2920 RIVERMONT AVENUE,LYNCHBURG,VA,24503,UNDER AGED BUYER,1,N,LYNCHBURG,APPEAL HEARING,7/30/2008,11/04/09,15," $ 1,500.00 ",,,,,
412,KROGER #408,6594,4119 BOONSBORO ROAD,LYNCHBURG,VA,24503,UNDER AGED BUYER,1,Y,LYNCHBURG,OFFER-IN-COMPROMISE,6/25/2009,12/15/09,," $ 5,000.00 ",,,,,
309,HOLIDAY INN SELECT,27582,601 MAIN STREET,LYNCHBURG,VA,24504,UNDER AGED BUYER,1,Y,LYNCHBURG,INITIAL HEARING,3/17/2009,11/03/09,,,,,,Y,DISMISSED
282,T & W SERVICE STATION AND CONVENIENCE STORE,56135,3775 FIVE FORKS ROAD,MONROE,VA,24514,UNDER AGED BUYER,1,N,LYNCHBURG,CONSENT SETTLEMENT,8/19/2009,10/16/09,25,,,,,,
453,A MARKET,55890,1308 MAIN STREET,ALTAVISTA,VA,24517,UNDER AGED BUYER,1,N,LYNCHBURG,CONSENT SETTLEMENT,10/28/2009,01/04/10,," $ 2,000.00 ",,,,,
465,N & W COUNTRY STORE,35391,1467 WARDS ROAD,ALTAVISTA,VA,24517,UNDER AGED BUYER,1,N,LYNCHBURG,CONSENT SETTLEMENT,10/28/2009,01/04/10,," $ 2,000.00 ",,,,,
11,TRAVELERS RESTAURANT ,33650,202 S MAIN STREET,AMHERST,VA,24521,UNDER AGED BUYER,1,N,LYNCHBURG,CONSENT SETTLEMENT,4/7/2009,07/06/09,," $ 2,000.00 ",,,,,
198,57 SUPERETTE,17490,276 CALLANDS ROAD,CHATHAM,VA,24531,UNDER AGED BUYER,1,N,LYNCHBURG,CONSENT SETTLEMENT,5/11/2009,09/01/09,," $ 2,000.00 ",,,,,
148,SUPER C STORE 3,53562,1210 N MAIN STREET,DANVILLE,VA,24540,UNDER AGED BUYER,1,N,LYNCHBURG,CONSENT SETTLEMENT,4/27/2009,08/20/09,," $ 2,000.00 ",,,,,
157,BIBI'S MINI MART,39532,507 RIVERSIDE DRIVE,DANVILLE,VA,24540,UNDER AGED BUYER,1,N,LYNCHBURG,CONSENT SETTLEMENT,4/27/2009,08/20/09,25,,,,,,
164,JUNIOR CONVENIENCE STORE,35308,623 WORSHAM STREET,DANVILLE,VA,24540,UNDER AGED BUYER,1,N,LYNCHBURG,CONSENT SETTLEMENT,4/26/2009,08/24/09,," $ 2,000.00 ",,,,,
4,CHARLIES STOP & SHOP #2,39635,1354 WESTOVER DRIVE,DANVILLE,VA,24541,UNDER AGED BUYER,1,N,LYNCHBURG,CONSENT SETTLEMENT,4/14/2009,07/06/09,," $ 2,000.00 ",,,,,
152,FAS MART #120,26069,1016 GOODYEAR BLVD,DANVILLE,VA,24541,UNDER AGED BUYER,1,N,LYNCHBURG,CONSENT SETTLEMENT,3/26/2009,08/20/09,," $ 2,000.00 ",,,,,
155,RIVERSIDE MART,4377,3007 RIVERSIDE DRIVE,DANVILLE,VA,24541,UNDER AGED BUYER,1,N,LYNCHBURG,CONSENT SETTLEMENT,4/27/2009,08/20/09,25,,,,,,
419,DO DROP IN LLC,49498,10161 MARTINSVILLE HWY,DANVILLE,VA,24541,UNDER AGED BUYER,1,N,LYNCHBURG,INITIAL HEARING,5/11/2009,12/21/09,25," $ 2,500.00 ",,,,,
769,RIVERSIDE MART,4377,3007 RIVERSIDE DR,DANVILLE,VA,24541,UNDER AGED BUYER,1,Y,LYNCHBURG,INITIAL HEARING,7/13/2009,04/14/10,30," $ 3,000.00 ",10,,,,
383,KELLEYS FOOD SHOP,51192,4892 WARDS ROAD,EVINGTON,VA,24550,UNDER AGED BUYER,1,N,LYNCHBURG,INITIAL HEARING,4/8/2009,12/01/09,15," $ 1,500.00 ",,,,,
172,COLONIAL HILLS GOLF CLUB,30945,1990 GUMTREE ROAD,FOREST,VA,24551,UNDER AGED BUYER,1,N,LYNCHBURG,INITIAL HEARING,10/29/2008,08/27/09,15," $ 1,500.00 ",,,,,
706,LA CARRETA MEXICAN RESTAURANT #7,56627,14575 FOREST RD,FOREST,VA,24551,UNDER AGED BUYER,1,N,ROANOKE,CONSENT SETTLEMENT,2/3/2010,03/18/10,," $ 2,000.00 ",,,,,
722,OWENS MARKET,29177,9741 E. LYNCHBURG SALEM TPKE,GOODE,VA,24556,UNDER AGED BUYER,1,N,ROANOKE,OFFER-IN-COMPROMISE,2/3/2010,03/29/10,," $ 1,500.00 ",,,,,
744,GLENMORE GROCERY,45994,20 GLENMORE ROAD,SCOTTSVILLE,VA,24562,UNDER AGED BUYER,1,N,LYNCHBURG,OFFER-IN-COMPROMISE,3/6/2010,04/07/10,," $ 1,500.00 ",,,,,
690,KANGAROO EXPRESS # 3717,39978,4243 S AMHERST HWY,MADISON HEIGHTS,VA,24572,UNDER AGED BUYER,1,N,LYNCHBURG,CONSENT SETTLEMENT,1/27/2010,03/15/10,," $ 2,000.00 ",,,,,
869,STOP IN FOOD STORES 46,72611,4448 S LEE HWY,NATURAL BRIDGE,VA,24578,UNDER AGED BUYER,1,N ,ROANOKE,CONSENT SETTLEMENT,4/13/2010,06/02/10,25,,,,,,
498,330 VALLEY STREET,48027,330 VALLEY STREET,SCOTTSVILLE,VA,24590,UNDER AGED BUYER,1,N,STAUNTON,APPEAL HEARING,5/1/2009,01/22/10,," $ 1,500.00 ",,,,,
774,MIDWAY MARKET,41869,4659 GLENMORE RD,SCOTTSVILLE,VA,24590,UNDER AGED BUYER,1,N,LYNCHBURG,CONSENT SETTLEMENT,3/6/2010,04/14/10,," $ 2,000.00 ",,,,,
795,RIVERSIDE PIT STOP,10302,PO BOX 160,BIG ROCK,VA,24603,UNDER AGED BUYER,1,N,SOUTHWEST,CONSENT SETTLEMENT,3/24/2010,04/28/10,," $ 2,000.00 ",,,,,
367,RIVERFRONT CONVENIENCE CENTER INC,3413,P.O. BOX 304,BIG ROCK,VA,24603,"UAB, DESIGNATED MANAGER NOT ON DUTY",2,N,SOUTHWEST,CONSENT SETTLEMENT,9/14/2009,11/24/09,," $ 2,500.00 ",,,,,
330,HILTON GROCERY & DELI,48983,10994 HURLEY ROAD,HURLEY,VA,24620,UNDER AGED BUYER,1,N,SOUTHWEST,CONSENT SETTLEMENT,9/14/2009,11/09/09,," $ 2,000.00 ",,,,,
921,SUBWAY SANDWICH & SALADS,26480,111 MAURY AVENUE ,CHARLOTTESVILLE,VA,26480,UNDER AGED BUYER,1,N,STAUNTON,OFFER-IN-COMPROMISE,4/30/2010,06/25/10,," $ 1,500.00 ",,,,,
842,BAMBOO CFE,57625,1 S MULBERRY ST,RICHMOND,VA,57625,UNDER AGED BUYER,1,Y,RICHMOND,INITIAL HEARING,1/28/2010,05/11/10,30," $ 3,000.00 ",10,,,,
472,ANNAS PIZZA & ITALIAN RESTAURANT,60594,2144 S MILITARY HWY,CHESAPEAKE,VA,233320,UNDER AGED BUYER,1,N,CHESAPEAKE,CONSENT SETTLEMENT,10/23/2009,01/04/10,," $ 2,000.00 ",,,,,