REGIONAL PROFILE: THE VALLEY,REGIONAL PROFILE: THE VALLEY,REGIONAL PROFILE: THE VALLEY,REGIONAL PROFILE: THE VALLEY,REGIONAL PROFILE: THE VALLEY,REGIONAL PROFILE: THE VALLEY,REGIONAL PROFILE: THE VALLEY,REGIONAL PROFILE: THE VALLEY,REGIONAL PROFILE: THE VALLEY,REGIONAL PROFILE: THE VALLEY,REGIONAL PROFILE: THE VALLEY,,,,,,,,,,,Stat Chat,Stat Chat,Stat Chat,Stat Chat,,,,
Demographics & Workforce Group,Demographics & Workforce Group,Demographics & Workforce Group,Demographics & Workforce Group,Demographics & Workforce Group,Demographics & Workforce Group,Demographics & Workforce Group,,,,,,,,,,,,,,,April 2011,April 2011,April 2011,,,,,
,,,,Located on Virginia’s western border with,Located on Virginia’s western border with,Located on Virginia’s western border with,Located on Virginia’s western border with,Located on Virginia’s western border with,Located on Virginia’s western border with,Located on Virginia’s western border with,Located on Virginia’s western border with,Located on Virginia’s western border with,,,,,,,,,,,,,,,,
,,,,,,,,,,,,,,,,,,"Population Trends, 2000-2010","Population Trends, 2000-2010","Population Trends, 2000-2010","Population Trends, 2000-2010","Population Trends, 2000-2010","Population Trends, 2000-2010","Population Trends, 2000-2010","Population Trends, 2000-2010","Population Trends, 2000-2010",,
,,,,West,"Virginia,","Virginia,","Virginia,",the,Valley,Valley,region,,,,,,,,,,,,,,,,,
,,,,stretches,stretches,from,from,Roanoke,Roanoke,in,the,,,,,,,,,,,,As,a,"region,","region,","region,",the
,,,,,,,,,,,,,,,,,,2010 Census for Valley,2010 Census for Valley,2010 Census for Valley,2010 Census for Valley,2010 Census for Valley,,,,,,
,,,,south,to,Frederick,Frederick,and,and,Clarke,Clarke,,,,,,,,,,,,Valley,Valley,grew,grew,,less
,,,,counties,counties,in,the,north.,,The,,,,,,,Total Population,Total Population,Total Population,Total Population,"783,692","783,692",over,over,the,the,,past
region’s,nine,cities,and,fourteen,counties,counties,cover,"6,703","6,703",,,,,,,,,,,,,,decade,decade,,than,than,the
"square miles, much of it rural and mountainous.","square miles, much of it rural and mountainous.","square miles, much of it rural and mountainous.","square miles, much of it rural and mountainous.","square miles, much of it rural and mountainous.","square miles, much of it rural and mountainous.","square miles, much of it rural and mountainous.","square miles, much of it rural and mountainous.",The,,,,,,,,,Growth Rate,Growth Rate,Growth Rate,Growth Rate,10.6%,10.6%,state,state,as,a,whole,whole
region,includes,large,portions,of,the,Shenandoah,Shenandoah,Shenandoah,,,,,,,,,,,,,,,(11% vs. 13%).,(11% vs. 13%).,(11% vs. 13%).,(11% vs. 13%).,(11% vs. 13%).,The
,,,,,,,,,,,,,,,,,Population Density,Population Density,Population Density,Population Density,,,,,,,,
Valley;,Shenandoah,Shenandoah,National,Park,Park,and,the,,,,,,,,,,,,,,,117,Valley,Valley,,,region,region
,,,,,,,,,,,,,,,,,(persons/square mile),(persons/square mile),(persons/square mile),(persons/square mile),,,,,,,,
Appalachian,Trail,are,destinations,destinations,for,many,many,,,,,,,,,,,,,,,,gained,gained,,,"75,000","75,000"
outdoor enthusiasts.,outdoor enthusiasts.,outdoor enthusiasts.,,,,,,,,,,,,,,,persons between 2000 and 2010.,persons between 2000 and 2010.,persons between 2000 and 2010.,persons between 2000 and 2010.,persons between 2000 and 2010.,persons between 2000 and 2010.,This growth accounts,This growth accounts,This growth accounts,This growth accounts,This growth accounts,This growth accounts
,,,,,,,,,,,,,,,,,for 8% of Virginia’s total population growth.,for 8% of Virginia’s total population growth.,for 8% of Virginia’s total population growth.,for 8% of Virginia’s total population growth.,for 8% of Virginia’s total population growth.,for 8% of Virginia’s total population growth.,for 8% of Virginia’s total population growth.,for 8% of Virginia’s total population growth.,,,,
,,,,,,,,,,,,,,,,,Population Growth,Population Growth,Population Growth,Population Growth,Population Growth,,,,,,,
,,,,,,,,,,,,,,,,,Eighteen,Eighteen,of,the,Valley’s,23,localities,had,population,population,population,population
,,,,,Race and Ethnicity in the Valley Region,Race and Ethnicity in the Valley Region,Race and Ethnicity in the Valley Region,Race and Ethnicity in the Valley Region,Race and Ethnicity in the Valley Region,Race and Ethnicity in the Valley Region,Race and Ethnicity in the Valley Region,Race and Ethnicity in the Valley Region,Race and Ethnicity in the Valley Region,Race and Ethnicity in the Valley Region,Race and Ethnicity in the Valley Region,Race and Ethnicity in the Valley Region,increases over the past decade.,increases over the past decade.,increases over the past decade.,increases over the past decade.,increases over the past decade.,increases over the past decade.,,,,,,
,Other,,Hispanic,,,,,,,,,,,,,,,,,,,,,,,,,
,,,5%,,The Valley region is one of the least diverse regions in,The Valley region is one of the least diverse regions in,The Valley region is one of the least diverse regions in,The Valley region is one of the least diverse regions in,The Valley region is one of the least diverse regions in,The Valley region is one of the least diverse regions in,The Valley region is one of the least diverse regions in,The Valley region is one of the least diverse regions in,The Valley region is one of the least diverse regions in,The Valley region is one of the least diverse regions in,The Valley region is one of the least diverse regions in,The Valley region is one of the least diverse regions in,•,Migration fueled the majority of this growth (80%).,Migration fueled the majority of this growth (80%).,Migration fueled the majority of this growth (80%).,Migration fueled the majority of this growth (80%).,Migration fueled the majority of this growth (80%).,Migration fueled the majority of this growth (80%).,Migration fueled the majority of this growth (80%).,Migration fueled the majority of this growth (80%).,Migration fueled the majority of this growth (80%).,Migration fueled the majority of this growth (80%).,Migration fueled the majority of this growth (80%).
,,,,,Virginia; its population is 84% white compared to 65%,Virginia; its population is 84% white compared to 65%,Virginia; its population is 84% white compared to 65%,Virginia; its population is 84% white compared to 65%,Virginia; its population is 84% white compared to 65%,Virginia; its population is 84% white compared to 65%,Virginia; its population is 84% white compared to 65%,Virginia; its population is 84% white compared to 65%,Virginia; its population is 84% white compared to 65%,Virginia; its population is 84% white compared to 65%,Virginia; its population is 84% white compared to 65%,Virginia; its population is 84% white compared to 65%,,,,,,,,,,,,
Black,,,,,statewide.,statewide.,statewide.,"Like the state, the Valley’s white and black","Like the state, the Valley’s white and black","Like the state, the Valley’s white and black","Like the state, the Valley’s white and black","Like the state, the Valley’s white and black","Like the state, the Valley’s white and black","Like the state, the Valley’s white and black","Like the state, the Valley’s white and black","Like the state, the Valley’s white and black",•,"Frederick had the largest absolute growth, gaining","Frederick had the largest absolute growth, gaining","Frederick had the largest absolute growth, gaining","Frederick had the largest absolute growth, gaining","Frederick had the largest absolute growth, gaining","Frederick had the largest absolute growth, gaining","Frederick had the largest absolute growth, gaining","Frederick had the largest absolute growth, gaining","Frederick had the largest absolute growth, gaining","Frederick had the largest absolute growth, gaining","Frederick had the largest absolute growth, gaining"
8%,,,,,populations grew very little over the past decade while,populations grew very little over the past decade while,populations grew very little over the past decade while,populations grew very little over the past decade while,populations grew very little over the past decade while,populations grew very little over the past decade while,populations grew very little over the past decade while,populations grew very little over the past decade while,populations grew very little over the past decade while,populations grew very little over the past decade while,populations grew very little over the past decade while,populations grew very little over the past decade while,,"19,000 persons, and the highest growth rate: 32%.","19,000 persons, and the highest growth rate: 32%.","19,000 persons, and the highest growth rate: 32%.","19,000 persons, and the highest growth rate: 32%.","19,000 persons, and the highest growth rate: 32%.","19,000 persons, and the highest growth rate: 32%.","19,000 persons, and the highest growth rate: 32%.","19,000 persons, and the highest growth rate: 32%.","19,000 persons, and the highest growth rate: 32%.","19,000 persons, and the highest growth rate: 32%.","19,000 persons, and the highest growth rate: 32%."
,,,,,Asian and Hispanic populations grew more rapidly.,Asian and Hispanic populations grew more rapidly.,Asian and Hispanic populations grew more rapidly.,Asian and Hispanic populations grew more rapidly.,Asian and Hispanic populations grew more rapidly.,Asian and Hispanic populations grew more rapidly.,Asian and Hispanic populations grew more rapidly.,Asian and Hispanic populations grew more rapidly.,Asian and Hispanic populations grew more rapidly.,Asian and Hispanic populations grew more rapidly.,Asian and Hispanic populations grew more rapidly.,,,,,,,,,,,,,
,,,,,,,,,,,,,,,,,,o,With,With,greater,than,15%,"growth,","growth,","Warren,","Warren,","Warren,"
,,,,,,,"• Between 2000 and 2010, the Hispanic population","• Between 2000 and 2010, the Hispanic population","• Between 2000 and 2010, the Hispanic population","• Between 2000 and 2010, the Hispanic population","• Between 2000 and 2010, the Hispanic population","• Between 2000 and 2010, the Hispanic population","• Between 2000 and 2010, the Hispanic population","• Between 2000 and 2010, the Hispanic population","• Between 2000 and 2010, the Hispanic population","• Between 2000 and 2010, the Hispanic population",,,,,,,,,,,,
,,,,,,,,,,,,,,,,,,,"Shenandoah,","Shenandoah,","Shenandoah,",and,Harrisonburg,Harrisonburg,Harrisonburg,all,grew,grew
,,,,,,,increased,increased,in,all,localities;,the,Asian,population,population,population,,,,,,,,,,,,
,,,,,,,,,,,,,,,,,,,faster than the state’s total population.,faster than the state’s total population.,faster than the state’s total population.,faster than the state’s total population.,faster than the state’s total population.,faster than the state’s total population.,faster than the state’s total population.,faster than the state’s total population.,faster than the state’s total population.,
,,,,,,,increased in all but three.,increased in all but three.,increased in all but three.,increased in all but three.,increased in all but three.,,,,,,,,,,,,,,,,,
,,,,,,,"• Frederick,","• Frederick,","Harrisonburg,","Harrisonburg,","Harrisonburg,",and,Roanoke,,City,each,•,"Highland, the least populous locality in the state,","Highland, the least populous locality in the state,","Highland, the least populous locality in the state,","Highland, the least populous locality in the state,","Highland, the least populous locality in the state,","Highland, the least populous locality in the state,","Highland, the least populous locality in the state,","Highland, the least populous locality in the state,","Highland, the least populous locality in the state,","Highland, the least populous locality in the state,","Highland, the least populous locality in the state,"
,,,,,,,"gained 4,000 Hispanics.","gained 4,000 Hispanics.","gained 4,000 Hispanics.","gained 4,000 Hispanics.","gained 4,000 Hispanics.",,,,,,,had,the,highest,percent,percent,population,population,loss,loss,in,the
,,,,,,,,,,,,,,,,,,Valley,region.,region.,Since,"2000,",Highland,Highland,County,County,County,lost
,,,,,,,• Harrisonburg,• Harrisonburg,• Harrisonburg,,has,one,of,the,highest,highest,,,,,,,,,,,,
,,,White,,,,,,,,,,,,,,,"more than 200 persons, an 8% reduction.","more than 200 persons, an 8% reduction.","more than 200 persons, an 8% reduction.","more than 200 persons, an 8% reduction.","more than 200 persons, an 8% reduction.","more than 200 persons, an 8% reduction.","more than 200 persons, an 8% reduction.","more than 200 persons, an 8% reduction.",,,
,,,,,,,concentrations of Hispanics in the state: 16% of its,concentrations of Hispanics in the state: 16% of its,concentrations of Hispanics in the state: 16% of its,concentrations of Hispanics in the state: 16% of its,concentrations of Hispanics in the state: 16% of its,concentrations of Hispanics in the state: 16% of its,concentrations of Hispanics in the state: 16% of its,concentrations of Hispanics in the state: 16% of its,concentrations of Hispanics in the state: 16% of its,concentrations of Hispanics in the state: 16% of its,,,,,,,,,,,,
,,,84%,,,,,,,,,,,,,,,,,,,,,,,,,
,,,,,,,population.,population.,,,,,,,,,,,,,,,,,,,,
,,,,,,,• Roanoke County had the largest increase in Asian,• Roanoke County had the largest increase in Asian,• Roanoke County had the largest increase in Asian,• Roanoke County had the largest increase in Asian,• Roanoke County had the largest increase in Asian,• Roanoke County had the largest increase in Asian,• Roanoke County had the largest increase in Asian,• Roanoke County had the largest increase in Asian,• Roanoke County had the largest increase in Asian,• Roanoke County had the largest increase in Asian,,,,,,,,,,,,
,,,,,,,"population in the region, gaining more than 1,000.","population in the region, gaining more than 1,000.","population in the region, gaining more than 1,000.","population in the region, gaining more than 1,000.","population in the region, gaining more than 1,000.","population in the region, gaining more than 1,000.","population in the region, gaining more than 1,000.","population in the region, gaining more than 1,000.","population in the region, gaining more than 1,000.","population in the region, gaining more than 1,000.",,,,,,,,,,,,
Weldon Cooper Center for Public Service,Weldon Cooper Center for Public Service,Weldon Cooper Center for Public Service,Weldon Cooper Center for Public Service,Weldon Cooper Center for Public Service,Weldon Cooper Center for Public Service,Weldon Cooper Center for Public Service,Weldon Cooper Center for Public Service,,,,,,,,,,,,,,,,University of Virginia,University of Virginia,University of Virginia,University of Virginia,University of Virginia,University of Virginia
REGIONAL PROFILE: THE VALLEY,REGIONAL PROFILE: THE VALLEY,REGIONAL PROFILE: THE VALLEY,REGIONAL PROFILE: THE VALLEY,REGIONAL PROFILE: THE VALLEY,REGIONAL PROFILE: THE VALLEY,,,,,,Stat Chat,Stat Chat,Stat Chat,Stat Chat,Stat Chat,Stat Chat,,
Demographics & Workforce Group,Demographics & Workforce Group,Demographics & Workforce Group,Demographics & Workforce Group,,,,,,,,,April 2011,April 2011,April 2011,April 2011,,,
,,"Educational Attainment, Adults 25-64","Educational Attainment, Adults 25-64","Educational Attainment, Adults 25-64","Educational Attainment, Adults 25-64",,,,,Income and Poverty,Income and Poverty,Income and Poverty,Income and Poverty,Income and Poverty,Income and Poverty,Income and Poverty,,
,,,Valley,Virginia,Virginia,,,,,,,,,,,,,
,,,,,,,•,Nearly,a,quarter,,of the Valley’s,of the Valley’s,of the Valley’s,of the Valley’s,households,households,earn
,,,,,,36%,,"less than $25,000 per year.","less than $25,000 per year.","less than $25,000 per year.","less than $25,000 per year.","less than $25,000 per year.","less than $25,000 per year.","less than $25,000 per year.",,,,
,,,34%,,,,,,,,,,,,,,,
,,,,,,,•,Twelve,percent,percent,,of,households,households,households,fall,below,the
,,,25%,27%,28%,,,"poverty line in the Valley, higher than the statewide","poverty line in the Valley, higher than the statewide","poverty line in the Valley, higher than the statewide","poverty line in the Valley, higher than the statewide","poverty line in the Valley, higher than the statewide","poverty line in the Valley, higher than the statewide","poverty line in the Valley, higher than the statewide","poverty line in the Valley, higher than the statewide","poverty line in the Valley, higher than the statewide","poverty line in the Valley, higher than the statewide","poverty line in the Valley, higher than the statewide"
,,,,,,,,poverty rate of 10%.,poverty rate of 10%.,poverty rate of 10%.,poverty rate of 10%.,poverty rate of 10%.,,,,,,
,,14%,,,,,•,Seven percent of households receive food stamps.,Seven percent of households receive food stamps.,Seven percent of households receive food stamps.,Seven percent of households receive food stamps.,Seven percent of households receive food stamps.,Seven percent of households receive food stamps.,Seven percent of households receive food stamps.,Seven percent of households receive food stamps.,Seven percent of households receive food stamps.,Seven percent of households receive food stamps.,Seven percent of households receive food stamps.
,,11%,,,,,,,,,,,,,,,,
,,,,,,,"In addition, 27% of Valley region households do not","In addition, 27% of Valley region households do not","In addition, 27% of Valley region households do not","In addition, 27% of Valley region households do not","In addition, 27% of Valley region households do not","In addition, 27% of Valley region households do not","In addition, 27% of Valley region households do not","In addition, 27% of Valley region households do not","In addition, 27% of Valley region households do not","In addition, 27% of Valley region households do not","In addition, 27% of Valley region households do not","In addition, 27% of Valley region households do not"
,,,,,,,have,adequate,adequate,adequate,income,income,,to,meet,their,regular,regular
,,,,,,,"expenditures,","expenditures,","expenditures,",,such,,as,"housing,","housing,","food,",,and
,,,,,,,"transportation,","transportation,","transportation,",,without,without,,help,from,,government,government
,,Less than HS,HS/GED,Some College,Some College,BA+,"programs, family and friends, or local organizations.","programs, family and friends, or local organizations.","programs, family and friends, or local organizations.","programs, family and friends, or local organizations.","programs, family and friends, or local organizations.","programs, family and friends, or local organizations.","programs, family and friends, or local organizations.","programs, family and friends, or local organizations.","programs, family and friends, or local organizations.","programs, family and friends, or local organizations.","programs, family and friends, or local organizations.",
Educational attainment among the Valley’s working age population (adults ages 25-64) differs,Educational attainment among the Valley’s working age population (adults ages 25-64) differs,Educational attainment among the Valley’s working age population (adults ages 25-64) differs,Educational attainment among the Valley’s working age population (adults ages 25-64) differs,Educational attainment among the Valley’s working age population (adults ages 25-64) differs,Educational attainment among the Valley’s working age population (adults ages 25-64) differs,Educational attainment among the Valley’s working age population (adults ages 25-64) differs,,,,,,,,,,,,
from educational attainment at the state level. The Valley region has,from educational attainment at the state level. The Valley region has,from educational attainment at the state level. The Valley region has,from educational attainment at the state level. The Valley region has,from educational attainment at the state level. The Valley region has,from educational attainment at the state level. The Valley region has,,,,,,,,,,,,,
•,"A higher percentage of adults who only completed high school, compared to the state.","A higher percentage of adults who only completed high school, compared to the state.","A higher percentage of adults who only completed high school, compared to the state.","A higher percentage of adults who only completed high school, compared to the state.","A higher percentage of adults who only completed high school, compared to the state.","A higher percentage of adults who only completed high school, compared to the state.",,,,,,,,,,,,
•,The second highest percentage of adults with only a high school diploma or GED among,The second highest percentage of adults with only a high school diploma or GED among,The second highest percentage of adults with only a high school diploma or GED among,The second highest percentage of adults with only a high school diploma or GED among,The second highest percentage of adults with only a high school diploma or GED among,The second highest percentage of adults with only a high school diploma or GED among,Sources:,Data,Data,on,population,population,,trends,and,race/ethnicity,race/ethnicity,are
,,,,,,,from the 2000 and 2010 Census. Data on 2009 unemployment,from the 2000 and 2010 Census. Data on 2009 unemployment,from the 2000 and 2010 Census. Data on 2009 unemployment,from the 2000 and 2010 Census. Data on 2009 unemployment,from the 2000 and 2010 Census. Data on 2009 unemployment,from the 2000 and 2010 Census. Data on 2009 unemployment,from the 2000 and 2010 Census. Data on 2009 unemployment,from the 2000 and 2010 Census. Data on 2009 unemployment,from the 2000 and 2010 Census. Data on 2009 unemployment,from the 2000 and 2010 Census. Data on 2009 unemployment,from the 2000 and 2010 Census. Data on 2009 unemployment,from the 2000 and 2010 Census. Data on 2009 unemployment
,Virginia’s eight regions.,Virginia’s eight regions.,,,,,,,,,,,,,,,,
,,,,,,,rate,are,from,Bureau,Bureau,of,,Labor,Statistics,Statistics,Local,Area
•,"A lower percentage of adults with a bachelor’s degree or higher, compared to the state.","A lower percentage of adults with a bachelor’s degree or higher, compared to the state.","A lower percentage of adults with a bachelor’s degree or higher, compared to the state.","A lower percentage of adults with a bachelor’s degree or higher, compared to the state.","A lower percentage of adults with a bachelor’s degree or higher, compared to the state.","A lower percentage of adults with a bachelor’s degree or higher, compared to the state.",Unemployment statistics. Data on income adequacy are from,Unemployment statistics. Data on income adequacy are from,Unemployment statistics. Data on income adequacy are from,Unemployment statistics. Data on income adequacy are from,Unemployment statistics. Data on income adequacy are from,Unemployment statistics. Data on income adequacy are from,Unemployment statistics. Data on income adequacy are from,Unemployment statistics. Data on income adequacy are from,Unemployment statistics. Data on income adequacy are from,Unemployment statistics. Data on income adequacy are from,Unemployment statistics. Data on income adequacy are from,Unemployment statistics. Data on income adequacy are from
,,,,,,,a Cooper Center study. All other data are from the 2007-2009,a Cooper Center study. All other data are from the 2007-2009,a Cooper Center study. All other data are from the 2007-2009,a Cooper Center study. All other data are from the 2007-2009,a Cooper Center study. All other data are from the 2007-2009,a Cooper Center study. All other data are from the 2007-2009,a Cooper Center study. All other data are from the 2007-2009,a Cooper Center study. All other data are from the 2007-2009,a Cooper Center study. All other data are from the 2007-2009,a Cooper Center study. All other data are from the 2007-2009,a Cooper Center study. All other data are from the 2007-2009,a Cooper Center study. All other data are from the 2007-2009
,,,,,,,American Community Survey from the U.S. Census Bureau.,American Community Survey from the U.S. Census Bureau.,American Community Survey from the U.S. Census Bureau.,American Community Survey from the U.S. Census Bureau.,American Community Survey from the U.S. Census Bureau.,American Community Survey from the U.S. Census Bureau.,American Community Survey from the U.S. Census Bureau.,American Community Survey from the U.S. Census Bureau.,American Community Survey from the U.S. Census Bureau.,American Community Survey from the U.S. Census Bureau.,American Community Survey from the U.S. Census Bureau.,
,,,Labor Force Participation,Labor Force Participation,Labor Force Participation,,,,,,,,,,,,,
Labor force statistics for Valley show,Labor force statistics for Valley show,Labor force statistics for Valley show,Labor force statistics for Valley show,,,,,,,,,,,,,,,
•,"Unemployment was 7.2% in 2009, lower than Virginia’s unemployment rate (7.5%) and","Unemployment was 7.2% in 2009, lower than Virginia’s unemployment rate (7.5%) and","Unemployment was 7.2% in 2009, lower than Virginia’s unemployment rate (7.5%) and","Unemployment was 7.2% in 2009, lower than Virginia’s unemployment rate (7.5%) and","Unemployment was 7.2% in 2009, lower than Virginia’s unemployment rate (7.5%) and","Unemployment was 7.2% in 2009, lower than Virginia’s unemployment rate (7.5%) and",,,,,,,,,,,,
,the national average (9.7%).,the national average (9.7%).,,,,,,,,,,,,,,,,
,o,Rockingham had the lowest unemployment rate (5.8%) while Page had the highest,Rockingham had the lowest unemployment rate (5.8%) while Page had the highest,Rockingham had the lowest unemployment rate (5.8%) while Page had the highest,Rockingham had the lowest unemployment rate (5.8%) while Page had the highest,Rockingham had the lowest unemployment rate (5.8%) while Page had the highest,,,"For more information, please contact:","For more information, please contact:","For more information, please contact:","For more information, please contact:","For more information, please contact:","For more information, please contact:","For more information, please contact:","For more information, please contact:",,
,,(11.9%).,,,,,,,,,Rebecca Tippett,Rebecca Tippett,Rebecca Tippett,Rebecca Tippett,Rebecca Tippett,,,
,,,,,,,,rebecca.tippett@virginia.edu or (434) 982-5861,rebecca.tippett@virginia.edu or (434) 982-5861,rebecca.tippett@virginia.edu or (434) 982-5861,rebecca.tippett@virginia.edu or (434) 982-5861,rebecca.tippett@virginia.edu or (434) 982-5861,rebecca.tippett@virginia.edu or (434) 982-5861,rebecca.tippett@virginia.edu or (434) 982-5861,rebecca.tippett@virginia.edu or (434) 982-5861,rebecca.tippett@virginia.edu or (434) 982-5861,rebecca.tippett@virginia.edu or (434) 982-5861,rebecca.tippett@virginia.edu or (434) 982-5861
•,"Fifty-one percent of workers commute less than 20 minutes to work in the Valley, the","Fifty-one percent of workers commute less than 20 minutes to work in the Valley, the","Fifty-one percent of workers commute less than 20 minutes to work in the Valley, the","Fifty-one percent of workers commute less than 20 minutes to work in the Valley, the","Fifty-one percent of workers commute less than 20 minutes to work in the Valley, the","Fifty-one percent of workers commute less than 20 minutes to work in the Valley, the",,,,,,,,,,,,
,highest percentage of short commute times for all eight regions.,highest percentage of short commute times for all eight regions.,highest percentage of short commute times for all eight regions.,highest percentage of short commute times for all eight regions.,highest percentage of short commute times for all eight regions.,,,,,,,,,,,,,
Weldon Cooper Center for Public Service,Weldon Cooper Center for Public Service,Weldon Cooper Center for Public Service,Weldon Cooper Center for Public Service,Weldon Cooper Center for Public Service,,,,,,,,,,University of Virginia,University of Virginia,University of Virginia,University of Virginia,University of Virginia
